,Match_ID,Team_ID,Tack_Att,Tack_Succ,TS_Short,TS_Med,TS_Long,Shots,Shots_BigChance,Shots_OnTarget,Shots_OffTarget,Shots_Blocked,Shots_St,Shots_Med,Saves,Saves_Short,Saves_Medium,Saves_Long,Fouls,Yellow_Cards,Red_Cards,FK_Tot,FK_Ind,FK_Dir,FK_St,FK_Med,FK_Lg,FK_Cross,FK_Unsuccessful,Corners,Corner_Short,Corner_Cross,Corner_Medium,Corner_Long,Corner_Unsuccessful,Corner_Shot,Corner_OnTarget,Pass_Att,Pass_Att_St,Pass_Att_Med,Pass_Att_Lg,Pass_Comp,Pass_Comp_St,Pass_Comp_Med,Pass_Comp_Lg
0,2019282,52747,6,1,1,0,0,13,2,4,4,5,9,2,7,4,0,1,10,3,1,13,0,13,5,6,2,0,1,11,1,7,5,5,7,1,1,691,239,376,76,581,172,350,59
1,2019282,52280,13,7,5,2,0,10,0,2,3,5,6,2,9,1,5,1,12,3,1,14,4,10,6,5,3,1,2,7,0,7,2,5,7,0,0,601,218,313,69,504,164,290,50
2,2019283,59856,8,5,3,2,0,12,2,4,4,4,6,4,2,1,1,0,26,1,0,18,0,18,4,9,5,2,3,1,0,1,1,0,1,0,0,688,158,462,68,560,89,422,49
3,2019283,2603104,6,4,2,2,0,3,0,1,1,1,1,0,8,3,2,2,17,2,0,30,2,28,7,14,9,2,3,0,0,0,0,0,0,0,0,576,203,313,60,432,124,267,41
4,2019284,52723,3,1,1,0,0,8,0,1,4,3,3,4,10,2,3,0,13,3,1,22,4,18,6,13,3,1,1,8,0,4,3,5,4,0,0,647,154,394,98,551,110,358,83
5,2019284,50136,5,2,2,0,0,12,1,0,2,9,6,5,4,0,1,3,17,1,0,15,1,14,5,9,1,0,0,6,0,4,1,4,4,0,0,675,230,383,62,580,184,344,52
6,2019285,50147,8,3,2,1,0,13,1,5,4,4,6,7,7,3,3,1,17,2,0,19,3,16,2,9,8,2,2,6,0,5,1,5,5,0,0,521,195,259,67,416,127,231,58
7,2019285,50157,9,9,7,2,0,11,1,4,4,3,4,6,9,4,3,2,11,2,0,17,0,17,1,10,6,3,2,5,0,3,4,1,3,0,0,582,185,306,90,470,122,272,76
8,2019286,50080,10,5,3,2,0,8,1,2,3,3,4,4,3,1,1,1,8,2,0,6,1,5,0,4,2,0,0,9,2,5,4,3,5,0,0,923,316,537,68,852,270,520,62
9,2019286,50050,5,1,1,0,0,4,0,2,1,1,1,2,5,3,1,1,3,1,0,12,3,9,1,8,3,0,0,2,0,2,0,2,2,0,0,429,151,223,55,324,81,196,47
10,2019287,52919,9,6,1,3,0,18,3,7,8,3,7,9,4,0,1,2,8,1,0,15,0,15,4,6,4,0,0,6,1,2,2,3,2,0,0,670,177,411,82,561,121,371,69
11,2019287,52757,9,5,2,3,0,3,0,1,0,2,1,2,11,4,2,2,14,1,0,12,0,12,2,6,4,0,0,6,0,0,2,4,0,0,0,514,151,290,73,415,106,251,58
12,2019288,50037,5,3,3,0,0,14,1,3,7,4,5,7,3,2,1,0,13,0,0,11,0,11,5,5,1,0,0,8,1,6,2,5,6,0,0,892,253,540,99,797,203,508,86
13,2019288,64500,5,3,1,2,0,5,0,2,2,1,2,3,7,3,3,1,12,0,0,14,1,13,4,2,8,1,1,2,0,2,2,0,2,0,0,338,121,152,63,247,64,128,55
14,2019289,50062,9,3,3,0,0,12,2,4,6,2,6,5,5,3,1,0,6,2,0,11,2,9,2,7,2,2,3,2,1,2,0,1,1,0,0,632,157,405,70,514,87,367,60
15,2019289,50124,13,6,3,3,0,15,1,2,10,3,7,5,6,2,2,2,10,2,0,6,0,6,0,4,2,0,0,4,0,4,1,3,4,0,0,706,265,372,68,603,211,338,54
16,2019290,50109,11,7,5,2,0,16,2,7,6,3,5,11,4,2,1,0,5,2,0,13,0,13,3,9,1,0,0,4,0,3,3,1,3,0,0,753,246,437,70,679,199,413,67
17,2019290,54266,16,5,5,0,0,6,0,2,3,1,1,5,10,4,4,1,11,0,0,10,3,7,0,3,7,3,2,5,0,5,2,3,5,0,0,420,134,217,69,336,88,187,61
18,2019291,1652,10,3,3,0,0,14,2,4,2,8,7,7,2,2,0,0,11,1,0,6,1,5,0,5,1,1,2,11,0,6,9,2,6,0,0,694,186,419,89,582,120,383,79
19,2019291,50023,12,6,4,2,0,5,0,0,3,2,3,2,12,1,7,4,4,2,0,14,3,11,3,3,8,1,2,0,0,0,0,0,0,0,0,450,174,203,72,336,104,168,64
20,2019292,50051,15,5,4,0,1,13,0,3,6,3,4,8,5,2,3,0,9,1,0,14,1,13,2,8,4,0,0,5,0,5,2,3,3,0,0,762,203,460,98,628,133,406,89
21,2019292,50149,9,5,4,1,0,8,0,3,3,2,2,6,6,3,2,0,14,3,0,17,8,9,2,6,9,0,0,2,0,1,1,1,1,0,0,534,231,240,62,431,173,204,54
22,2019293,50146,4,3,2,1,0,7,0,2,2,3,0,6,17,8,3,0,12,3,0,14,3,11,1,5,9,0,9,8,2,6,2,4,6,0,0,393,138,186,70,284,85,157,42
23,2019293,52758,6,2,1,1,0,24,1,9,7,8,13,10,5,1,0,0,9,1,0,13,0,13,4,7,2,1,1,7,4,3,1,2,3,0,0,743,196,474,72,627,135,433,59
24,2019294,50043,10,3,2,1,0,11,2,2,5,3,3,7,4,2,1,1,7,4,0,12,2,10,2,5,5,0,0,5,0,5,1,4,5,0,0,672,167,406,99,585,116,380,89
25,2019294,53577,3,1,0,0,1,7,0,4,3,0,4,3,5,1,3,1,10,2,0,7,1,6,2,1,4,0,0,4,0,4,1,3,4,0,0,441,146,227,67,348,93,200,55
26,2019295,50064,5,1,1,0,0,9,0,1,4,4,4,4,2,0,0,2,5,1,0,12,0,12,1,8,3,1,2,6,0,5,1,5,5,0,0,716,182,445,89,596,129,398,69
27,2019295,52709,6,1,0,1,0,5,0,1,3,1,3,2,5,2,2,0,11,2,1,9,2,7,2,5,2,0,2,3,0,3,0,3,3,0,0,580,170,331,79,470,112,292,66
28,2019296,5312,10,3,2,1,0,19,1,7,10,2,3,14,8,1,6,0,9,1,0,14,1,13,3,6,5,0,0,7,1,5,0,6,5,0,0,633,195,358,80,534,149,320,65
29,2019296,50164,12,6,5,1,0,14,2,2,5,5,7,4,9,5,3,0,7,3,0,11,0,11,2,4,5,1,1,6,0,5,3,3,5,0,0,495,175,252,67,391,113,220,58
30,2019297,50139,7,2,2,0,0,16,1,4,9,2,6,10,1,1,0,0,16,0,0,24,0,24,1,16,7,1,1,4,0,4,1,3,4,0,0,617,157,381,78,519,102,354,63
31,2019297,52714,10,3,3,0,0,3,0,1,2,0,0,2,6,3,0,3,22,3,0,17,0,17,2,10,5,1,1,2,0,2,0,2,2,0,0,499,147,263,89,417,106,234,77
32,2019298,50023,9,5,5,0,0,5,0,0,3,2,1,4,4,1,1,2,12,1,0,18,1,17,3,12,3,2,2,6,0,5,1,5,5,0,0,575,183,326,66,468,114,297,57
33,2019298,50109,18,13,9,4,0,9,0,2,5,2,1,5,2,0,0,2,15,2,0,13,0,13,0,6,7,0,0,7,0,4,5,2,4,0,0,506,206,233,67,397,138,201,58
34,2019299,54266,19,7,5,2,0,8,0,2,4,2,1,6,11,3,1,0,5,1,0,10,1,9,1,2,7,1,1,4,1,3,0,3,3,0,0,455,168,208,78,334,94,172,68
35,2019299,1652,6,3,3,0,0,21,0,1,9,10,7,14,4,2,1,0,6,1,0,9,0,9,2,4,3,1,1,8,0,7,4,4,7,0,0,826,262,487,76,698,180,452,66
36,2019300,52758,5,2,1,1,0,17,0,9,3,5,4,13,4,2,1,1,16,4,0,14,2,12,1,10,3,2,2,6,0,5,1,5,5,0,0,766,216,485,65,666,156,458,52
37,2019300,50051,8,5,0,5,0,10,1,2,5,2,5,3,14,2,5,5,11,1,0,17,1,16,3,7,6,1,3,6,1,4,1,4,4,0,0,537,162,280,94,440,104,255,81
38,2019301,50149,5,2,2,0,0,13,2,3,5,4,7,5,2,0,2,0,10,0,0,21,4,17,10,4,7,0,0,8,0,7,4,4,7,0,0,670,224,373,72,535,158,321,56
39,2019301,50146,10,5,4,1,0,6,0,0,4,2,2,3,7,2,3,2,16,3,0,16,5,11,6,6,4,2,3,3,0,2,1,1,2,0,0,509,174,256,78,408,121,220,67
40,2019302,52709,3,1,1,0,0,14,2,7,2,5,6,7,3,0,3,0,14,1,0,16,2,14,3,13,0,2,2,7,0,7,1,6,7,0,0,640,169,392,78,534,124,348,62
41,2019302,50043,8,6,2,4,0,6,0,2,3,1,1,5,12,1,5,6,14,3,0,15,1,14,4,7,4,0,0,1,0,1,0,1,1,0,0,434,131,227,76,347,88,191,68
42,2019303,53577,5,1,1,0,0,5,0,2,0,3,2,3,4,1,2,1,24,3,0,16,0,16,1,8,7,3,4,2,0,2,0,2,2,0,0,383,117,200,66,308,78,172,58
43,2019303,50064,6,0,0,0,0,12,0,4,7,0,3,8,5,1,1,2,16,3,0,25,0,25,6,9,10,1,1,6,4,2,0,2,2,0,0,591,161,343,87,494,118,301,75
44,2019304,52714,17,4,2,2,0,17,4,5,8,4,8,8,8,2,3,2,11,2,0,24,1,23,6,12,6,1,1,3,0,3,3,0,3,0,0,596,231,301,63,471,146,269,56
45,2019304,5312,8,2,2,0,0,15,1,4,5,4,7,6,9,4,2,2,24,3,0,16,5,11,3,5,8,2,5,6,0,6,2,4,6,0,0,459,194,212,53,307,99,166,42
46,2019305,50164,10,4,4,0,0,4,0,0,3,0,1,2,7,2,3,0,10,0,0,14,0,14,3,5,6,1,4,0,0,0,0,0,0,0,0,399,139,197,62,303,80,174,49
47,2019305,50139,7,5,4,1,0,12,0,2,5,5,4,6,0,0,0,0,13,0,0,11,0,11,2,7,2,2,2,6,0,5,1,5,5,0,0,912,239,587,86,810,178,558,74
48,2019306,2603104,7,2,1,1,0,7,1,3,3,1,2,5,6,3,2,1,9,3,0,15,2,13,2,11,2,0,0,0,0,0,0,0,0,0,0,523,183,287,52,445,127,267,51
49,2019306,52747,9,3,3,0,0,14,1,4,8,2,3,11,4,3,1,0,14,2,0,9,0,9,2,6,1,2,2,4,1,2,0,3,2,0,0,861,271,529,61,779,220,507,52
50,2019307,52280,3,1,1,0,0,16,1,5,6,5,9,7,4,0,3,1,4,0,0,14,0,14,5,9,0,0,0,8,0,7,2,6,7,0,0,869,286,510,71,787,240,486,61
51,2019307,59856,13,7,5,2,0,7,0,3,3,1,3,3,10,1,5,3,12,2,0,10,3,7,2,3,5,0,0,7,1,7,3,3,7,0,0,496,159,271,66,411,112,242,57
52,2019308,50157,8,3,1,2,0,13,0,4,3,6,5,8,5,2,1,1,18,2,0,24,2,22,6,11,7,2,3,10,2,6,5,3,6,0,0,495,149,269,77,373,87,228,58
53,2019308,52723,12,9,6,3,0,11,1,3,6,2,2,9,10,3,3,1,19,3,0,22,2,20,2,10,10,6,6,4,2,3,1,1,3,0,0,465,124,276,63,358,68,248,42
54,2019309,50136,3,2,1,1,0,10,1,3,5,2,5,4,3,1,1,0,7,1,0,20,2,18,1,14,5,2,2,6,2,4,1,3,3,0,0,745,237,426,80,624,178,380,66
55,2019309,50147,4,2,2,0,0,5,0,1,2,2,1,3,5,2,3,0,19,4,0,12,4,8,2,3,7,0,0,0,0,0,0,0,0,0,0,601,205,323,73,505,145,297,63
56,2019310,52757,9,5,0,5,0,7,0,0,5,2,2,5,6,3,1,2,8,0,0,12,1,11,4,6,2,1,1,2,0,1,2,0,1,0,0,538,218,269,50,445,155,247,43
57,2019310,50080,18,5,2,3,0,9,2,6,3,0,1,8,2,1,1,0,10,3,0,9,1,8,5,3,1,0,0,5,0,5,2,3,4,0,0,794,201,517,76,683,116,496,71
58,2019311,50050,7,3,3,0,0,6,0,1,2,3,5,1,11,3,5,3,8,0,0,8,0,8,2,3,3,1,1,4,0,4,1,3,4,0,0,494,165,246,82,359,92,201,66
59,2019311,52919,10,4,3,1,0,18,0,6,7,5,9,7,4,1,1,2,8,0,0,10,1,9,3,6,1,0,0,9,2,7,2,5,7,0,0,699,221,388,90,567,153,345,69
60,2019312,50124,11,7,4,3,0,15,2,4,4,5,7,8,7,1,3,3,13,1,0,16,0,16,3,4,9,2,4,4,1,3,2,1,3,0,0,458,206,185,66,325,121,147,57
61,2019312,50037,13,1,1,0,0,13,1,4,6,3,9,4,9,3,4,1,17,4,0,14,0,14,3,8,3,1,2,6,1,3,2,3,4,0,0,832,241,483,107,692,145,452,95
62,2019313,64500,3,0,0,0,0,6,0,2,1,3,5,1,4,2,1,1,15,2,0,13,0,13,2,6,5,1,4,4,0,4,1,3,4,0,0,604,171,333,99,427,96,269,62
63,2019313,50062,8,2,2,0,0,7,3,2,2,2,3,4,5,0,2,1,12,2,0,15,0,15,3,7,5,1,3,3,0,3,0,3,3,0,0,518,167,262,89,344,80,212,52
64,2019314,54266,18,8,7,1,0,7,1,2,4,1,3,3,11,3,6,0,14,1,0,18,3,15,2,3,13,1,2,2,0,2,1,1,2,0,0,484,188,212,84,383,127,178,78
65,2019314,50023,12,7,3,3,0,14,2,5,3,6,7,6,3,2,1,0,14,2,0,17,1,16,4,9,4,1,1,8,2,5,1,4,5,0,0,660,210,380,69,562,150,352,60
66,2019315,50109,15,8,8,0,0,16,3,6,7,3,7,9,3,0,0,1,15,2,0,21,1,20,6,6,9,1,2,5,0,5,2,3,5,0,0,535,238,221,76,381,142,178,61
67,2019315,1652,11,5,4,1,0,5,3,1,1,2,1,3,9,0,6,3,20,1,0,17,0,17,3,11,3,1,1,5,0,4,2,3,4,0,0,646,215,354,76,493,114,312,67
68,2019316,50149,13,4,4,0,0,9,2,4,5,0,4,5,3,0,2,1,10,4,0,14,3,11,6,2,6,1,1,2,0,1,1,1,1,0,0,512,187,263,61,396,122,225,49
69,2019316,52758,11,5,4,1,0,8,0,1,4,2,6,2,4,3,0,1,12,3,0,13,2,11,3,3,7,0,0,4,0,3,1,3,3,0,0,633,175,393,64,537,109,370,58
70,2019317,50051,4,1,1,0,0,25,0,7,8,10,13,12,4,2,2,0,10,1,0,11,2,9,2,8,1,0,0,9,1,6,2,6,6,0,0,748,242,420,85,638,185,381,72
71,2019317,50146,12,6,4,2,0,11,1,4,6,0,3,8,17,6,7,3,8,2,0,11,2,9,5,3,3,1,1,3,0,2,2,1,2,0,0,508,165,276,67,407,110,243,54
72,2019318,53577,5,3,2,1,0,9,0,1,3,5,3,6,8,2,4,2,8,1,0,9,0,9,0,2,7,1,2,3,1,1,1,1,1,0,0,470,135,234,101,384,91,203,90
73,2019318,52709,4,2,2,0,0,9,1,4,1,4,6,3,7,2,3,2,9,1,0,12,2,10,2,5,4,0,0,7,0,7,1,6,7,0,0,645,213,335,97,525,156,288,81
74,2019319,50043,10,4,2,1,1,6,0,4,1,1,2,4,12,2,6,3,14,2,0,11,2,9,1,7,3,2,4,3,0,3,1,2,3,0,0,511,174,257,79,387,123,198,66
75,2019319,50064,2,1,1,0,0,18,1,6,6,6,8,9,5,1,3,1,9,1,0,17,3,14,4,11,2,1,4,8,5,2,4,0,2,0,0,688,217,398,73,556,144,349,64
76,2019320,50164,12,3,3,0,0,5,0,0,4,1,0,4,6,1,4,1,16,2,0,16,3,13,2,7,7,1,1,3,0,3,1,2,1,0,0,327,121,154,52,221,53,123,45
77,2019320,52714,7,3,2,1,0,11,2,4,4,2,5,6,1,0,0,1,13,2,0,17,1,16,6,9,2,2,2,5,0,5,3,2,5,0,0,968,327,565,74,846,260,519,67
78,2019321,5312,10,5,4,1,0,13,2,4,4,5,9,3,10,1,4,1,15,5,0,9,0,9,3,4,2,0,0,10,1,10,3,6,9,0,0,526,174,278,74,425,115,248,62
79,2019321,50139,8,5,4,1,0,13,1,4,3,6,4,6,9,4,2,2,7,3,1,17,0,17,4,11,2,1,1,4,0,4,2,2,4,0,0,665,166,421,78,557,106,387,64
80,2019322,52280,13,8,6,2,0,13,0,6,2,5,10,3,4,1,2,0,12,0,0,8,2,6,1,4,3,0,0,6,0,4,3,3,4,0,0,560,176,334,50,474,128,303,43
81,2019322,2603104,13,6,3,3,0,10,0,3,5,1,3,7,11,4,4,3,5,0,0,11,0,11,7,4,0,0,0,1,0,1,0,1,1,0,0,727,293,385,47,622,224,358,40
82,2019323,52747,12,7,4,3,0,10,2,3,4,2,2,8,3,1,1,1,14,1,0,19,1,18,12,5,2,1,1,3,1,1,1,1,1,0,0,818,252,502,64,711,177,473,61
83,2019323,59856,9,2,0,2,0,10,1,1,4,2,3,4,5,1,1,1,18,2,0,17,2,15,3,11,3,2,2,5,1,5,0,4,5,0,0,455,160,214,80,355,99,194,62
84,2019324,50136,9,3,3,0,0,16,3,7,6,3,6,9,1,0,0,1,11,1,0,17,2,15,8,8,1,0,0,17,0,14,5,12,14,0,0,679,215,395,68,578,170,356,52
85,2019324,50157,8,3,1,2,0,5,0,0,4,1,1,3,10,2,4,4,16,3,0,13,1,12,2,6,5,2,2,1,0,1,0,1,1,0,0,433,128,221,84,351,80,194,77
86,2019325,52723,5,2,1,1,0,16,3,6,8,2,5,9,6,4,2,0,14,1,0,16,1,15,4,10,2,2,2,9,0,8,3,6,8,0,0,623,174,347,102,493,106,302,85
87,2019325,50147,3,0,0,0,0,10,0,3,4,3,3,7,8,3,3,1,15,1,0,15,2,13,4,6,5,1,2,1,0,1,0,1,1,0,0,531,185,267,77,419,117,229,73
88,2019326,50050,11,5,2,3,0,9,0,1,4,4,6,3,6,2,4,0,9,1,0,12,2,10,0,10,2,0,0,4,1,4,1,2,4,0,0,715,194,435,86,626,130,414,82
89,2019326,52757,8,2,2,0,0,11,0,4,5,2,2,9,5,1,2,2,7,1,0,9,0,9,3,3,3,1,1,5,1,4,2,2,4,0,0,598,222,310,65,512,170,285,57
90,2019327,50080,10,2,1,1,0,8,2,4,3,1,5,3,6,3,2,1,15,2,1,17,1,16,3,9,5,1,1,3,1,1,0,2,1,0,0,540,139,316,83,449,87,285,77
91,2019327,52919,12,5,5,0,0,10,3,5,4,1,0,8,5,2,2,0,17,3,1,17,2,15,7,6,4,2,3,4,1,2,2,1,2,0,0,496,166,281,49,405,106,255,44
92,2019328,64500,10,3,2,1,0,3,0,3,0,0,1,2,7,2,4,1,11,1,0,6,0,6,0,3,3,0,0,0,0,0,0,0,0,0,0,445,177,205,63,317,90,169,58
93,2019328,50124,1,0,0,0,0,14,4,5,7,2,6,7,3,1,2,0,6,2,0,12,1,11,4,4,4,2,2,5,1,4,1,3,4,0,0,856,334,404,117,712,237,371,104
94,2019329,50037,4,2,2,0,0,22,5,9,9,4,9,12,4,2,1,1,7,1,0,10,3,7,5,5,0,0,0,6,2,2,3,1,2,0,0,936,255,625,56,819,192,580,47
95,2019329,50062,4,1,1,0,0,6,2,3,2,1,2,4,13,5,3,4,5,0,0,10,3,7,0,5,4,1,4,0,0,0,0,0,0,0,0,496,162,279,54,385,111,251,23
96,2019330,2603104,5,0,0,0,0,6,1,2,1,3,1,3,3,2,0,0,10,1,0,27,4,23,7,15,5,0,1,4,1,4,1,2,4,0,0,545,175,299,70,450,113,277,60
97,2019330,52280,11,5,3,2,0,8,0,1,5,2,4,2,5,1,2,0,23,3,0,11,1,10,3,4,4,2,2,5,0,5,3,2,5,0,0,679,211,393,74,598,164,367,67
98,2019331,59856,13,4,3,1,0,8,1,1,5,2,2,6,9,3,1,3,14,3,1,16,1,15,2,5,9,2,3,3,0,3,2,1,3,0,0,436,135,242,58,353,83,219,51
99,2019331,52747,6,4,3,1,0,15,4,6,7,2,5,7,3,1,1,0,8,2,0,15,1,14,3,11,1,0,1,10,2,10,4,4,10,0,0,826,259,498,68,716,196,466,54
100,2019332,50157,12,5,5,0,0,6,1,1,1,3,2,4,7,4,2,0,8,2,0,22,3,19,4,7,11,1,2,3,0,2,1,2,2,0,0,582,171,309,101,480,111,282,87
101,2019332,50136,6,2,1,1,0,13,1,4,6,3,4,7,4,2,2,0,20,1,0,11,3,8,5,6,0,0,0,8,0,6,4,4,6,0,0,727,283,380,64,626,227,345,54
102,2019333,50147,3,1,1,0,0,15,2,3,9,2,8,7,4,2,1,1,15,1,0,19,5,14,3,10,6,1,1,5,2,5,1,2,5,0,0,539,175,303,60,419,109,263,47
103,2019333,52723,14,5,1,3,1,9,1,2,5,2,5,3,5,2,2,1,15,6,0,16,2,14,5,5,6,1,1,6,0,6,2,4,6,0,0,517,171,263,82,394,97,225,72
104,2019334,52757,9,7,5,2,0,17,3,4,8,4,6,8,5,1,0,0,10,2,1,11,0,11,2,4,5,1,2,9,0,4,6,4,4,0,0,633,190,385,59,547,132,368,48
105,2019334,50050,8,4,2,2,0,9,2,1,3,4,2,6,8,1,3,3,11,1,0,12,1,11,1,10,1,0,0,1,1,1,0,0,1,0,0,716,184,445,85,611,115,418,78
106,2019335,52919,8,3,3,0,0,10,1,1,5,3,3,7,5,0,3,1,17,2,0,18,2,16,1,8,9,3,5,5,4,0,1,0,0,0,0,412,131,224,56,315,67,198,50
107,2019335,50080,13,5,5,0,0,7,1,1,2,3,5,2,4,2,1,0,16,3,0,19,0,19,6,11,2,1,1,7,2,5,3,2,5,0,0,687,217,387,83,591,150,362,79
108,2019336,50124,3,1,0,1,0,31,1,6,10,15,17,13,3,1,2,0,8,3,0,11,0,11,2,7,2,1,2,11,0,8,4,7,7,0,0,762,241,406,115,618,167,355,96
109,2019336,64500,12,3,2,1,0,5,0,3,2,0,0,4,21,10,11,0,11,4,0,9,1,8,0,4,4,1,2,1,0,1,0,1,1,0,0,394,127,186,81,292,64,154,74
110,2019337,50062,7,2,2,0,0,3,0,1,2,0,1,2,8,2,2,3,10,0,0,9,0,9,1,1,7,1,6,0,0,0,0,0,0,0,0,370,124,186,60,265,69,157,39
111,2019337,50037,6,3,3,0,0,21,2,7,10,1,7,14,1,1,0,0,8,1,0,9,0,9,2,6,1,1,1,7,1,6,1,5,6,0,0,886,233,559,94,777,182,517,78
112,2019338,50023,7,7,6,1,0,17,1,4,7,5,10,7,4,2,2,0,8,1,0,18,5,13,0,14,4,0,0,6,1,5,2,3,5,0,0,787,224,479,83,655,149,438,68
113,2019338,54266,22,11,4,5,2,6,0,3,2,1,2,4,9,4,3,1,13,1,0,12,3,9,1,6,5,0,1,6,0,5,2,4,5,0,0,513,178,245,90,404,118,215,71
114,2019339,1652,9,5,4,1,0,9,0,2,6,0,1,8,8,4,3,0,13,0,0,13,1,12,2,7,4,1,1,4,0,2,3,1,2,0,0,633,201,342,90,533,127,321,85
115,2019339,50109,12,5,3,2,0,10,1,1,2,7,6,2,2,1,1,0,11,0,0,12,1,11,2,3,7,1,1,5,2,4,2,1,4,0,0,460,213,173,73,368,154,150,64
116,2019340,52758,15,9,7,2,0,9,2,4,4,0,2,6,4,3,1,0,6,1,0,21,3,18,3,15,3,1,2,3,1,2,1,1,2,0,0,689,194,412,83,603,147,382,74
117,2019340,50149,11,4,4,0,0,10,1,2,6,2,3,7,4,0,3,1,18,3,0,10,2,8,3,4,3,0,0,2,0,2,1,1,2,0,0,612,205,336,70,518,145,314,59
118,2019341,50146,4,1,1,0,0,7,0,1,5,1,2,5,15,4,7,0,8,0,0,17,1,16,5,10,2,2,2,2,0,1,1,1,1,0,0,593,212,322,59,520,165,302,53
119,2019341,50051,7,1,1,0,0,25,0,8,9,7,8,13,2,1,1,0,16,0,0,11,1,10,3,5,3,1,1,7,1,6,5,1,6,0,0,768,218,467,82,690,171,441,78
120,2019342,52709,10,6,6,0,0,20,2,2,10,8,7,12,8,2,3,0,3,0,0,21,4,17,2,11,8,1,1,4,0,4,1,3,4,0,0,661,215,353,92,530,144,307,79
121,2019342,53577,2,1,1,0,0,10,0,1,2,7,4,4,10,2,6,2,17,4,0,5,2,3,0,2,3,0,0,4,3,1,1,0,1,0,0,513,201,222,89,407,135,191,81
122,2019343,50064,6,3,3,0,0,19,1,5,9,4,10,8,9,5,1,1,16,2,0,18,1,17,3,11,4,1,2,10,1,8,2,7,8,0,0,558,156,301,101,437,110,251,76
123,2019343,50043,4,1,1,0,0,11,0,4,2,5,5,4,9,3,4,2,17,4,0,17,1,16,3,8,6,0,0,4,0,4,2,2,4,0,0,596,171,331,93,459,110,271,78
124,2019344,52714,6,3,3,0,0,26,2,8,10,8,7,17,2,2,0,0,10,0,0,12,0,12,6,5,1,0,1,10,1,6,4,4,6,0,0,835,284,493,57,720,212,461,47
125,2019344,50164,16,4,4,0,0,3,0,1,1,1,2,1,16,6,2,2,12,4,1,17,7,10,4,5,8,0,2,0,0,0,0,0,0,0,0,376,158,155,63,268,79,137,52
126,2019345,50139,18,6,4,2,0,9,1,1,5,2,2,5,5,0,3,2,14,4,0,23,2,21,4,4,15,4,4,2,0,2,1,1,2,0,0,692,192,412,88,592,128,383,81
127,2019345,5312,5,1,1,0,0,11,0,2,6,3,3,6,3,1,2,0,20,2,0,16,2,14,6,5,5,2,2,4,1,3,2,1,3,0,0,560,200,286,74,457,129,263,65
128,2019346,54266,12,5,2,3,0,12,1,4,4,4,5,6,4,3,1,0,14,2,0,13,2,11,3,8,2,0,0,5,0,5,2,3,5,0,0,609,219,324,65,478,136,288,54
129,2019346,50109,7,3,2,1,0,7,1,3,2,1,4,3,8,2,2,3,12,3,0,17,2,15,1,5,11,3,3,4,1,2,3,0,2,0,0,502,220,222,60,365,135,177,53
130,2019347,50023,7,5,4,1,0,15,2,9,5,1,5,10,3,1,1,1,11,2,0,16,3,13,1,5,10,1,1,5,0,5,3,2,5,0,0,433,168,197,67,307,95,156,56
131,2019347,1652,6,2,1,1,0,6,0,1,3,2,1,4,10,5,4,1,14,3,0,10,0,10,2,7,1,2,2,7,0,6,2,5,6,0,0,685,201,385,98,559,138,343,78
132,2019348,50149,13,1,1,0,0,9,0,1,4,4,3,6,4,2,1,1,16,3,1,10,0,10,0,7,3,2,2,2,0,1,2,0,1,0,0,555,199,295,60,441,138,252,51
133,2019348,50051,9,3,2,1,0,9,0,0,5,4,4,5,5,1,2,1,9,2,0,18,2,16,1,14,3,2,3,8,0,5,2,6,5,0,0,762,239,445,77,643,174,403,66
134,2019349,52758,10,3,2,1,0,10,3,2,4,3,5,5,4,2,1,0,11,1,0,15,3,12,4,10,1,1,1,1,1,0,0,0,0,0,0,884,244,580,59,806,207,543,56
135,2019349,50146,9,0,0,0,0,7,1,3,2,1,4,2,5,2,1,1,11,2,0,18,7,11,0,11,7,1,2,1,0,1,0,1,1,0,0,408,136,211,60,316,90,175,51
136,2019350,53577,7,4,3,1,0,11,1,7,2,2,6,5,3,1,1,1,5,1,0,10,2,8,4,1,5,0,0,11,4,6,4,3,6,0,0,574,197,293,83,464,145,246,73
137,2019350,50043,8,3,2,1,0,7,0,2,4,1,2,5,8,2,4,2,8,0,0,7,1,6,2,3,2,0,0,7,0,7,3,4,7,0,0,534,172,291,71,417,111,249,57
138,2019351,52709,10,3,2,1,0,8,0,1,2,5,6,2,10,4,4,2,16,3,0,14,1,13,1,4,9,0,0,3,0,3,2,1,3,0,0,578,219,258,100,442,138,213,91
139,2019351,50064,8,3,3,0,0,16,2,5,7,4,8,8,6,1,4,1,13,3,0,15,0,15,3,9,3,0,2,5,4,0,1,0,0,0,0,586,223,286,76,412,121,224,67
140,2019352,50164,19,9,5,4,0,8,0,3,5,0,2,6,10,3,5,2,9,3,0,17,1,16,3,8,6,2,2,1,0,1,0,1,1,0,0,461,187,206,67,361,127,172,62
141,2019352,5312,5,2,1,1,0,16,1,7,5,3,6,8,3,2,1,0,16,1,0,10,1,9,1,7,2,2,2,5,0,4,2,3,4,0,0,879,274,535,69,763,200,501,62
142,2019353,52714,12,8,6,2,0,5,0,0,5,0,0,4,5,1,2,1,13,4,1,19,1,18,3,5,11,1,3,5,1,4,2,2,4,0,0,470,148,238,83,360,89,207,64
143,2019353,50139,5,3,3,0,0,9,0,2,4,3,4,5,0,0,0,0,18,4,0,17,3,14,1,13,3,0,1,5,2,3,1,2,3,0,0,637,163,404,70,521,107,358,56
144,2019354,52280,15,8,6,2,0,4,0,0,2,2,0,4,7,3,4,0,11,2,0,10,2,8,5,2,3,0,0,3,1,2,0,2,2,0,0,632,202,362,68,529,141,332,56
145,2019354,52747,13,7,4,3,0,14,1,2,5,6,6,7,2,2,0,0,9,2,0,15,4,11,4,5,6,0,0,6,0,4,1,5,4,0,0,738,246,419,71,622,177,383,62
146,2019355,2603104,17,5,4,1,0,5,0,0,2,3,3,2,8,2,4,2,12,3,0,31,1,30,12,9,9,2,2,3,0,3,1,2,3,0,0,589,201,319,69,484,139,284,61
147,2019355,59856,7,4,0,4,0,11,1,5,3,3,4,7,3,0,2,1,30,4,0,18,6,12,5,7,5,2,2,5,0,5,2,3,5,0,0,500,150,280,70,407,96,247,64
148,2019356,50136,6,2,0,2,0,17,0,5,7,5,4,12,2,1,1,0,18,1,0,17,2,15,5,9,3,2,2,17,4,13,2,11,13,0,0,603,178,346,79,514,136,317,61
149,2019356,52723,6,5,3,2,0,7,0,0,5,2,2,5,10,5,2,1,15,1,0,24,3,21,7,13,4,2,2,2,0,2,0,2,2,0,0,590,162,337,91,512,121,309,82
150,2019357,50157,11,2,2,0,0,7,1,2,3,2,2,5,2,1,0,1,11,2,0,14,2,12,5,5,4,0,1,5,0,4,1,4,4,0,0,712,236,388,87,588,166,350,72
151,2019357,50147,3,2,1,1,0,12,3,1,6,1,3,9,5,2,3,0,13,2,0,20,5,15,0,7,13,3,3,2,0,2,0,2,2,0,0,567,230,253,83,446,148,225,73
152,2019358,50050,13,3,0,3,0,7,1,3,1,3,5,2,3,0,2,0,13,3,0,13,0,13,2,5,6,1,1,1,0,1,1,0,1,0,0,522,200,259,62,413,128,231,54
153,2019358,50080,7,3,2,1,0,7,1,2,3,1,4,3,6,5,1,0,12,4,0,19,1,18,5,6,8,0,0,5,0,5,3,2,5,0,0,822,249,487,85,723,183,457,83
154,2019359,52757,10,7,4,3,0,11,1,4,3,4,5,5,7,3,1,2,14,5,1,12,2,10,2,2,8,0,2,2,1,1,0,1,1,0,0,404,125,219,59,336,93,194,49
155,2019359,52919,2,1,1,0,0,10,1,6,3,1,4,5,8,3,3,1,10,2,1,15,0,15,3,10,2,1,1,9,1,8,4,4,7,0,0,896,210,624,61,776,143,577,56
156,2019360,64500,9,3,1,2,0,4,2,1,0,3,3,1,16,5,8,3,9,2,0,11,3,8,0,3,8,1,3,3,1,2,1,1,2,0,0,309,114,134,60,197,51,98,48
157,2019360,50037,1,0,0,0,0,21,2,8,5,8,10,10,4,3,1,0,8,1,0,9,0,9,2,7,0,1,2,7,0,7,6,1,7,0,0,834,248,484,101,701,179,428,94
158,2019361,50124,6,2,2,0,0,9,2,2,4,3,3,6,3,2,0,0,6,0,0,8,0,8,1,5,2,0,0,9,2,7,3,4,7,0,0,782,255,451,75,684,202,422,60
159,2019361,50062,7,0,0,0,0,4,0,2,1,1,1,3,5,2,2,0,8,0,0,7,2,5,1,3,3,1,2,2,1,0,1,0,0,0,0,586,143,368,75,490,87,339,64
160,2019362,52747,5,1,1,0,0,24,0,4,5,13,17,7,1,0,0,1,10,1,0,19,0,19,9,9,1,2,2,19,0,17,7,11,17,0,0,723,230,436,56,607,175,392,40
161,2019362,2603104,14,3,2,1,0,3,0,0,2,1,2,1,17,3,8,6,18,0,0,13,2,11,2,7,4,0,0,3,0,3,0,3,3,0,0,455,175,228,51,373,129,199,45
162,2019363,59856,9,7,1,6,0,14,0,3,7,4,5,7,6,3,0,1,9,1,0,14,1,13,0,13,1,1,4,7,0,5,3,4,5,0,0,585,172,355,58,484,122,320,42
163,2019363,52280,5,1,1,0,0,8,0,3,1,3,3,4,7,1,3,0,13,1,0,11,2,9,3,4,4,0,0,2,0,2,2,0,2,0,0,805,252,487,64,728,207,462,59
164,2019364,52723,9,4,3,1,0,11,1,7,2,1,3,8,4,1,2,1,12,1,0,8,0,8,0,6,2,2,1,1,0,0,1,0,0,0,0,640,158,422,60,569,115,399,55
165,2019364,50157,3,1,1,0,0,6,0,0,2,4,4,2,8,6,2,0,9,4,2,15,1,14,4,4,7,1,1,3,0,3,0,3,2,0,0,605,198,332,74,523,146,311,66
166,2019365,50147,6,4,1,3,0,12,2,2,7,3,3,7,9,2,2,0,15,1,0,15,6,9,3,8,4,0,2,7,1,5,2,4,5,0,0,634,215,332,86,515,138,302,75
167,2019365,50136,6,4,3,1,0,12,2,5,3,4,2,9,5,2,0,0,8,1,0,15,0,15,2,8,5,1,2,2,1,1,1,0,1,0,0,669,222,366,80,559,165,321,73
168,2019366,50080,2,1,1,0,0,10,1,4,4,2,4,6,1,0,1,0,7,0,0,8,1,7,2,5,1,0,0,5,1,4,0,4,3,0,0,1096,301,723,70,1022,250,705,67
169,2019366,52757,12,8,6,2,0,1,0,0,0,1,1,0,6,2,3,1,5,1,0,8,0,8,3,3,2,0,0,2,0,2,1,1,1,0,0,479,184,248,47,411,142,226,43
170,2019367,52919,8,6,4,2,0,9,0,1,3,5,5,4,9,4,4,1,7,1,0,19,3,16,6,8,5,0,1,8,0,7,5,3,7,0,0,679,191,406,82,590,142,376,72
171,2019367,50050,7,2,2,0,0,15,2,5,6,4,6,9,6,3,1,2,16,2,0,13,1,12,1,9,3,0,0,6,0,5,2,4,5,0,0,534,137,334,62,448,91,304,53
172,2019368,50037,11,6,4,2,0,13,1,3,5,5,6,7,3,1,2,0,11,0,0,10,1,9,1,5,4,1,1,6,1,2,3,2,2,0,0,951,269,592,89,826,187,556,83
173,2019368,50124,11,3,2,1,0,5,1,3,2,0,2,3,8,0,7,1,9,1,0,11,0,11,1,3,7,3,5,1,0,1,0,1,1,0,0,455,212,185,57,319,121,150,48
174,2019369,50062,4,1,1,0,0,17,0,4,8,5,4,9,3,2,0,1,12,2,0,9,0,9,4,2,3,0,0,6,1,6,4,1,6,0,0,796,204,469,123,695,147,431,117
175,2019369,64500,3,2,2,0,0,6,0,3,3,0,2,4,9,2,4,2,8,1,0,12,0,12,0,3,8,1,1,1,0,1,1,0,1,0,0,425,160,200,65,332,103,166,63
176,2019370,50109,11,2,2,0,0,10,4,4,4,1,4,5,3,1,2,0,18,1,0,11,1,10,2,2,7,0,1,7,0,7,5,2,7,0,0,546,225,230,91,443,166,196,81
177,2019370,50023,6,3,3,0,0,12,1,0,8,3,5,6,5,1,2,2,11,3,0,22,3,19,7,10,5,2,2,5,1,3,3,1,3,0,0,593,247,281,64,472,184,239,49
178,2019371,1652,2,0,0,0,0,21,4,10,9,2,9,12,3,2,1,0,7,0,0,15,0,15,4,9,2,1,1,11,0,8,6,5,8,0,0,821,273,476,71,724,211,451,62
179,2019371,54266,11,6,3,2,1,5,0,2,2,1,3,0,12,7,4,1,15,2,0,11,4,7,1,4,6,0,0,1,0,1,0,1,1,0,0,385,122,192,71,298,72,163,63
180,2019372,50051,16,8,5,3,0,13,4,6,3,3,4,8,8,4,2,1,9,2,0,15,0,15,2,9,4,2,3,6,1,5,2,3,5,0,0,614,178,350,85,518,117,325,76
181,2019372,52758,9,3,2,1,0,10,0,5,3,2,3,6,9,4,4,1,15,1,0,12,2,10,4,7,1,0,0,5,1,3,2,2,3,0,0,697,193,440,63,608,137,413,58
182,2019373,50146,9,6,6,0,0,9,2,3,5,1,5,4,10,4,4,2,14,5,0,16,1,15,1,9,6,0,0,2,1,0,0,1,0,0,0,440,173,206,61,349,114,179,56
183,2019373,50149,5,2,2,0,0,19,1,5,9,5,8,11,4,2,2,0,14,3,1,22,2,20,5,10,7,0,1,7,0,6,2,5,6,0,0,711,222,433,55,632,169,415,48
184,2019374,50043,6,3,1,2,0,8,0,4,1,3,4,4,5,2,1,1,15,1,0,16,4,12,1,10,5,1,0,6,0,3,4,2,3,0,0,539,171,286,81,433,108,254,71
185,2019374,52709,5,1,1,0,0,6,0,4,1,1,1,5,7,1,5,1,12,2,0,22,5,17,3,9,10,3,2,4,0,4,2,2,4,0,0,570,203,277,90,459,137,240,82
186,2019375,50064,2,0,0,0,0,13,2,3,6,4,3,10,4,0,2,2,8,0,0,13,2,11,0,10,3,1,2,4,0,3,1,3,2,0,0,747,226,443,75,613,152,395,66
187,2019375,53577,4,3,2,1,0,6,1,0,2,3,0,5,7,1,5,0,11,1,0,9,0,9,0,3,6,0,4,1,0,1,0,1,1,0,0,408,165,171,72,277,88,128,61
188,2019376,5312,16,6,2,4,0,24,1,5,11,6,11,13,0,0,0,0,10,2,0,16,2,14,3,10,4,2,3,8,0,8,3,5,8,0,0,719,251,409,58,570,159,367,45
189,2019376,52714,16,5,4,1,0,2,1,0,1,0,1,1,11,3,5,3,12,3,0,13,3,10,4,5,4,0,0,3,0,3,1,2,3,0,0,538,227,240,71,396,145,192,59
190,2019377,50139,6,3,2,1,0,15,0,7,6,2,5,8,3,2,1,0,9,2,0,14,2,12,2,10,2,3,3,7,0,4,5,2,4,0,0,797,199,514,84,701,135,487,79
191,2019377,50164,12,5,3,2,0,3,0,2,0,1,1,2,9,4,4,1,12,1,0,11,1,10,3,5,3,2,2,3,0,3,1,2,3,0,0,497,196,252,48,405,137,228,40
192,2019613,52919,7,5,1,4,0,3,0,1,0,2,3,0,5,1,3,0,12,4,0,20,5,15,6,11,3,2,2,5,0,1,3,2,1,0,0,669,179,414,75,590,134,387,69
193,2019613,50023,10,5,3,1,1,12,3,3,7,2,3,8,3,1,2,0,15,6,0,14,3,11,3,6,5,1,1,6,1,4,2,3,4,0,0,355,108,190,57,275,66,159,50
194,2019614,50051,4,2,2,0,0,17,3,2,11,3,5,9,3,1,2,0,9,2,0,13,1,12,2,7,4,2,2,5,1,2,2,2,2,0,0,704,194,407,103,594,137,364,93
195,2019614,50136,5,2,1,1,0,7,1,1,4,2,1,6,5,1,2,2,12,2,0,16,7,9,5,10,1,0,0,1,0,0,1,0,0,0,0,712,300,360,51,622,256,322,44
196,2019615,52747,20,8,7,0,1,12,0,6,2,4,9,3,2,0,2,0,14,1,0,14,3,11,2,9,3,0,1,2,0,2,1,1,1,0,0,527,196,269,62,426,128,243,55
197,2019615,50080,11,5,3,0,2,6,2,1,3,1,3,3,10,6,4,0,11,3,0,14,0,14,5,8,0,2,3,4,1,3,1,2,3,0,0,694,202,423,67,580,127,391,62
198,2019616,52714,7,4,3,1,0,20,1,6,8,4,9,9,5,2,3,0,6,2,0,8,0,8,3,2,3,1,1,8,0,7,2,6,7,0,0,779,248,448,81,663,180,412,71
199,2019616,53577,14,3,3,0,0,7,0,2,2,3,2,5,12,7,2,3,9,0,0,6,1,5,3,2,1,0,0,1,0,0,1,0,0,0,0,346,143,147,56,239,69,124,46
200,2019617,50147,6,2,1,1,0,3,0,0,1,2,2,1,7,2,1,3,15,1,0,18,8,10,1,7,10,1,2,3,0,3,1,2,3,0,0,394,163,156,75,283,91,128,64
201,2019617,52758,9,4,3,1,0,14,3,4,7,3,7,7,2,0,2,0,10,3,0,16,1,15,3,6,7,3,3,10,0,9,2,7,9,0,0,803,208,495,98,673,135,456,82
202,2019618,50037,6,1,1,0,0,19,2,6,6,7,12,6,5,3,2,0,12,2,0,13,1,12,2,9,2,0,0,9,2,6,3,3,6,0,0,899,286,515,97,793,231,481,81
203,2019618,52280,7,4,2,1,0,7,3,4,2,1,5,2,13,3,6,3,11,3,0,14,0,14,1,11,2,1,2,2,0,1,0,1,0,0,0,376,128,195,53,277,63,171,43
204,2019619,50064,9,3,2,1,0,3,0,0,3,0,1,2,6,0,4,2,12,5,1,14,1,13,2,4,8,0,1,1,0,1,0,1,1,0,0,321,111,148,62,227,52,121,54
205,2019619,50139,3,3,3,0,0,16,0,2,10,3,5,9,0,0,0,0,13,1,0,12,1,11,2,8,2,0,0,8,2,4,3,3,4,0,0,856,179,578,98,762,131,547,84
206,2019620,50109,9,5,3,2,0,13,1,2,3,8,6,6,4,0,1,2,14,4,0,13,3,10,1,7,5,0,0,6,1,3,3,2,3,0,0,659,247,324,86,550,166,303,81
207,2019620,50124,8,2,1,0,1,6,3,3,1,1,4,2,10,2,5,3,9,3,0,14,1,13,2,2,10,0,0,4,1,3,2,1,2,0,0,446,202,186,58,326,118,157,51
208,2019621,50080,14,4,4,0,0,12,2,2,5,5,4,8,3,0,3,0,16,5,0,28,1,27,7,16,5,4,7,6,0,6,3,3,5,0,0,707,223,414,69,591,146,386,59
209,2019621,52747,20,6,5,1,0,6,3,2,2,1,1,4,7,4,3,0,25,5,0,20,2,18,5,4,11,2,3,4,0,4,2,2,3,0,0,379,144,173,62,251,74,122,55
210,2019622,53577,8,2,2,0,0,11,1,2,4,5,6,5,7,1,6,0,10,4,0,10,0,10,0,2,8,1,3,2,0,2,0,2,2,0,0,306,120,128,57,199,66,91,42
211,2019622,52714,10,5,4,1,0,13,1,5,5,2,6,7,7,2,2,2,10,3,1,11,1,10,2,4,5,1,3,10,3,5,4,2,5,0,0,672,225,356,91,531,162,302,67
212,2019623,50023,12,6,4,2,0,5,1,1,1,3,4,1,3,1,1,1,12,3,0,19,5,14,0,4,15,4,3,3,1,2,2,0,2,0,0,406,102,221,82,321,67,184,70
213,2019623,52919,5,1,0,1,0,5,1,2,2,1,1,4,4,1,1,2,13,3,0,13,1,12,1,10,2,2,2,6,0,5,3,3,5,0,0,621,162,383,75,534,117,353,64
214,2019624,50136,4,0,0,0,0,12,0,3,7,1,5,7,7,3,3,1,17,2,0,12,4,8,8,4,0,0,0,9,0,8,4,5,8,0,0,714,256,383,75,632,209,362,61
215,2019624,50051,6,5,3,2,0,11,2,3,3,4,6,5,4,1,1,2,8,0,0,19,3,16,5,7,7,0,1,4,0,3,1,3,1,0,0,617,194,314,109,522,144,279,99
216,2019625,50139,5,0,0,0,0,14,0,2,8,4,8,6,5,2,3,0,13,1,0,10,0,10,1,6,3,1,1,4,0,3,1,3,3,0,0,857,224,536,96,760,171,506,83
217,2019625,50064,3,2,1,1,0,9,1,2,4,3,3,5,7,2,3,1,11,2,1,14,1,13,3,6,5,2,2,1,0,1,1,0,1,0,0,475,143,272,59,383,87,242,54
218,2019626,50124,6,4,3,1,0,13,2,4,5,4,5,7,11,4,5,1,6,2,0,9,0,9,1,2,6,0,0,7,2,5,2,3,4,0,0,537,219,246,71,420,139,218,63
219,2019626,50109,11,5,4,1,0,18,0,7,7,4,7,9,8,3,1,3,8,2,0,6,0,6,1,4,1,1,1,4,0,3,1,3,3,0,0,670,228,369,73,548,139,344,65
220,2019627,52758,9,5,3,2,0,9,2,2,6,0,3,5,4,2,1,1,13,3,0,18,0,18,2,12,4,0,1,5,1,4,2,2,2,0,0,596,176,359,61,473,110,311,52
221,2019627,50147,6,4,2,2,0,5,0,2,1,2,3,1,2,0,2,0,17,1,0,22,8,14,1,4,17,3,6,5,0,5,0,5,5,0,0,501,185,234,81,389,128,196,65
222,2019628,52280,14,6,5,1,0,8,0,2,5,0,3,5,5,2,1,2,13,3,1,14,2,12,4,6,4,0,0,5,0,5,0,5,5,0,0,512,176,263,73,423,116,244,63
223,2019628,50037,12,3,3,0,0,11,2,2,5,3,4,5,2,1,1,0,10,2,0,14,1,13,1,11,2,0,1,8,1,4,3,4,4,0,0,672,214,387,70,577,159,355,63
224,2019629,50124,10,3,2,1,0,14,0,3,7,3,4,9,3,0,1,2,10,0,0,16,1,15,3,8,5,4,4,8,0,8,2,6,8,0,0,742,278,381,82,645,228,347,70
225,2019629,53577,14,3,2,1,0,6,0,0,3,3,2,2,6,2,4,0,16,3,0,11,1,10,1,2,8,0,0,1,0,1,0,1,1,0,0,383,150,169,64,289,84,149,56
226,2019630,52758,4,1,1,0,0,13,1,2,7,4,5,6,1,0,1,0,9,2,0,11,2,9,0,8,3,3,3,7,0,7,1,6,7,0,0,721,185,459,76,642,146,433,63
227,2019630,50023,10,7,5,2,0,5,2,0,4,1,3,2,6,3,1,2,9,5,0,10,2,8,1,3,6,2,2,1,0,1,0,1,1,0,0,352,110,174,67,277,68,147,62
228,2019631,50037,17,11,8,2,1,10,1,2,5,3,5,5,14,6,3,5,11,4,1,9,1,8,3,5,1,1,1,8,1,6,2,5,4,0,0,619,186,372,59,535,142,343,50
229,2019631,50051,11,7,7,0,0,20,2,10,6,4,9,10,5,1,2,1,7,2,0,14,3,11,2,6,6,1,1,4,0,3,1,3,3,0,0,684,213,385,86,589,160,356,73
230,2019632,50139,15,6,4,2,0,11,1,5,4,2,3,7,7,1,2,3,21,4,0,19,1,18,4,5,10,3,3,5,1,4,1,3,4,0,0,387,149,184,54,280,88,149,43
231,2019632,50080,7,2,1,1,0,15,1,3,8,4,7,8,7,4,2,0,18,3,0,22,1,21,5,12,5,0,1,8,0,7,3,5,7,0,0,725,188,467,70,614,114,440,60
232,2019633,50051,7,4,3,1,0,22,2,8,9,5,8,13,9,4,3,2,7,1,0,24,2,22,8,9,7,1,1,7,1,5,2,4,3,0,0,736,272,376,87,638,225,334,79
233,2019633,50037,20,9,5,4,0,18,3,1,9,8,9,9,13,5,6,2,22,5,1,9,1,8,1,5,3,1,1,10,1,9,2,7,7,0,0,781,229,453,99,692,187,417,88
234,2019634,50080,16,7,6,1,0,17,1,1,12,4,7,10,8,2,4,2,10,2,0,21,1,20,4,13,4,2,2,13,0,11,4,9,11,0,0,737,263,402,70,587,169,367,50
235,2019634,50139,18,4,3,1,0,12,1,4,5,3,6,6,6,2,3,1,19,2,0,11,1,10,1,4,6,1,2,4,1,3,0,3,3,0,0,465,191,200,74,328,97,167,64
236,2019635,53577,10,2,2,0,0,20,0,3,8,9,10,9,2,1,1,0,9,0,0,9,1,8,1,3,5,1,2,7,0,6,2,5,6,0,0,628,227,302,97,488,143,268,77
237,2019635,50124,10,6,1,5,0,5,0,2,3,0,0,4,12,2,10,0,7,0,0,10,1,9,1,3,6,1,4,1,0,1,1,0,1,0,0,523,200,240,83,400,135,196,69
238,2019636,50023,9,2,2,0,0,12,2,6,5,1,5,6,8,4,4,0,15,0,0,10,1,9,1,1,8,1,1,5,0,5,2,3,5,0,0,382,129,175,77,280,72,140,68
239,2019636,52758,15,9,8,1,0,11,0,6,2,2,4,7,7,2,4,1,8,0,0,16,1,15,4,10,2,2,2,3,1,2,1,1,2,0,0,774,223,471,80,661,155,437,69
240,2019637,50023,5,1,1,0,0,14,1,6,3,5,10,3,6,3,2,0,11,1,0,13,0,13,3,9,1,4,4,7,1,5,1,5,5,0,0,551,155,328,68,448,95,298,55
241,2019637,50139,8,3,2,1,0,8,0,3,3,2,2,4,11,4,3,3,13,3,0,10,0,10,0,6,4,1,1,3,1,2,2,0,2,0,0,538,152,312,72,452,103,282,67
242,2019638,50051,6,1,1,0,0,13,1,5,6,2,6,6,1,1,0,0,10,1,0,15,0,15,3,10,2,2,2,9,1,8,1,7,8,0,0,773,248,444,80,673,183,419,71
243,2019638,50124,12,2,1,1,0,4,0,1,3,0,1,3,7,2,1,3,15,3,0,10,0,10,2,2,5,2,3,3,0,3,1,2,3,0,0,507,193,262,51,422,142,237,43
244,2019639,50124,18,4,1,2,1,15,1,5,7,3,6,6,11,5,4,2,23,4,0,8,0,8,0,2,6,1,2,7,1,5,4,2,3,0,0,402,141,191,70,320,92,162,66
245,2019639,50051,7,2,2,0,0,18,0,5,7,6,8,10,8,2,1,5,7,2,0,24,1,23,7,14,3,1,0,8,0,7,1,7,6,0,0,681,250,340,90,582,190,313,79
246,2019640,50139,11,4,2,2,0,13,4,4,4,5,7,6,5,1,2,2,11,2,0,24,3,21,3,11,10,3,3,6,0,6,1,5,6,0,0,522,167,274,80,411,104,244,63
247,2019640,50023,12,4,3,1,0,10,0,1,5,4,4,5,9,3,6,0,21,2,0,13,1,12,3,9,1,1,1,8,2,3,4,2,3,0,0,483,161,255,67,400,116,228,56
248,2019641,50139,19,4,1,3,0,10,0,3,3,4,5,5,8,2,6,0,23,5,1,19,1,18,3,11,5,1,1,1,0,1,0,1,1,0,0,496,157,272,66,418,109,253,56
249,2019641,50051,17,6,3,3,0,14,0,1,6,7,6,8,7,2,5,0,18,4,0,26,3,23,4,16,6,1,1,1,0,1,0,1,1,0,0,635,181,371,82,541,123,342,76
250,2021587,50147,10,6,6,0,0,23,1,5,12,5,9,13,8,3,2,2,7,2,0,17,2,15,3,11,3,4,4,3,0,3,2,1,3,0,0,874,299,512,63,776,232,485,59
251,2021587,54266,12,8,5,2,1,13,0,5,5,3,3,8,10,4,3,2,14,3,0,6,0,6,0,5,1,0,0,4,0,4,1,3,4,0,0,382,140,179,63,276,77,144,55
252,2021588,52682,9,2,2,0,0,15,4,4,6,4,7,5,3,1,1,1,12,2,0,16,2,14,0,10,6,3,3,7,0,4,3,3,4,0,0,701,203,405,92,597,139,376,82
253,2021588,59856,9,3,1,2,0,8,0,2,5,1,2,6,9,0,6,2,14,3,0,14,2,12,2,6,6,1,1,3,1,2,0,2,2,0,0,511,161,278,71,406,100,241,65
254,2021589,50037,8,6,4,2,0,26,1,8,13,5,10,14,2,1,1,0,10,2,0,5,1,4,1,4,0,1,0,13,2,9,5,6,8,0,0,865,231,546,87,772,176,520,76
255,2021589,50074,9,5,4,1,0,5,2,1,2,1,2,3,13,2,5,3,5,2,1,12,2,10,0,2,10,0,0,1,0,0,1,0,0,0,0,319,129,129,61,239,74,109,56
256,2021590,50050,19,13,8,5,0,7,0,4,1,2,4,3,3,2,0,1,5,2,0,6,1,5,0,4,2,1,1,3,1,3,0,2,3,0,0,479,119,298,61,388,61,276,51
257,2021590,52747,14,5,4,1,0,6,1,2,3,1,0,5,6,1,4,1,4,1,0,6,1,5,3,3,0,0,0,4,0,1,1,3,1,0,0,945,376,510,59,862,324,486,52
258,2021591,52914,9,2,1,0,1,13,0,2,3,7,7,4,4,2,1,1,10,1,0,12,2,10,4,7,1,1,0,7,2,1,2,2,1,0,0,723,201,450,71,621,140,420,61
259,2021591,60609,11,2,2,0,0,7,0,2,3,2,1,5,9,2,4,1,9,0,0,13,3,10,1,8,4,0,0,2,0,2,1,1,2,0,0,621,206,346,68,539,158,317,64
260,2021592,50137,16,6,4,1,1,10,0,1,6,3,5,5,14,9,1,4,9,1,0,19,5,14,2,12,5,1,1,5,0,3,2,3,1,0,0,620,197,354,68,528,128,336,64
261,2021592,50124,10,3,2,1,0,20,4,9,5,4,8,12,4,1,3,0,14,0,0,9,0,9,2,5,2,0,1,7,0,5,5,2,5,0,0,578,201,308,68,477,138,280,59
262,2021593,50080,5,1,0,1,0,6,4,2,2,1,2,3,11,7,1,1,9,2,0,15,0,15,9,5,1,1,1,6,0,6,2,4,6,0,0,796,254,466,75,721,210,442,69
263,2021593,50139,10,3,2,1,0,13,3,7,2,4,4,8,3,1,1,1,15,4,0,12,1,11,2,4,6,0,0,4,0,3,2,2,3,0,0,477,152,258,65,410,106,241,61
264,2021594,2610,13,2,2,0,0,11,1,2,5,4,2,8,4,2,2,0,12,3,0,18,0,18,5,11,2,1,1,4,0,3,1,3,3,0,0,647,195,374,77,550,127,352,71
265,2021594,50149,11,2,1,1,0,8,6,3,1,1,5,3,6,3,2,0,17,3,0,13,1,12,2,5,6,0,0,1,0,1,0,1,1,0,0,528,182,286,60,436,111,266,59
266,2021595,57490,5,1,1,0,0,26,0,5,12,8,10,14,7,2,4,1,6,0,0,14,0,14,1,9,4,1,1,7,0,6,3,4,6,0,0,583,161,343,78,501,108,320,73
267,2021595,50068,11,3,2,1,0,18,2,3,11,4,5,12,13,3,6,3,14,1,0,8,2,6,0,6,2,0,1,1,0,0,1,0,0,0,0,701,183,440,78,607,135,402,70
268,2021596,7889,11,2,1,1,0,22,1,5,10,6,6,14,2,0,2,0,14,3,1,10,2,8,2,4,4,1,2,10,1,7,4,5,4,0,0,597,193,333,70,474,123,288,63
269,2021596,52714,13,3,2,1,0,5,1,0,3,2,2,2,11,5,2,4,9,3,0,14,0,14,3,6,5,2,2,3,1,2,2,0,1,0,0,621,216,338,67,501,132,307,62
270,2021597,52749,13,8,4,4,0,8,0,1,2,5,5,3,8,4,3,0,13,4,0,15,6,9,0,8,7,1,2,3,0,3,1,2,3,0,0,414,131,215,68,332,80,191,61
271,2021597,52919,6,3,3,0,0,9,0,4,1,4,2,6,6,1,5,0,9,1,0,16,3,13,5,10,1,2,1,7,0,3,4,3,1,0,0,948,248,635,63,857,194,608,55
272,2021598,52707,9,1,1,0,0,9,1,3,2,3,2,7,9,6,1,1,11,2,0,20,2,18,3,11,6,2,3,0,0,0,0,0,0,0,0,527,134,297,96,453,94,273,86
273,2021598,50136,7,2,1,1,0,15,2,6,6,3,5,9,6,2,4,0,16,3,0,13,3,10,2,9,2,0,0,11,1,9,3,7,8,0,0,687,219,393,73,593,178,355,60
274,2021599,2603790,10,6,5,1,0,5,2,1,2,2,3,1,4,1,3,0,10,2,0,22,1,21,11,8,3,2,2,5,0,5,1,4,5,0,0,665,239,350,75,558,177,318,63
275,2021599,50023,12,4,3,1,0,7,1,1,3,3,5,2,3,1,2,0,20,3,0,19,5,14,4,8,7,1,1,4,0,3,3,1,3,0,0,463,163,232,68,350,100,187,63
276,2021600,50064,4,2,1,1,0,18,1,5,6,6,12,6,3,1,1,1,15,2,0,11,0,11,2,6,3,1,1,11,1,10,3,7,9,0,0,566,173,333,60,437,98,291,48
277,2021600,50157,9,2,2,0,0,9,0,1,6,2,3,6,11,3,7,1,10,1,0,15,0,15,1,4,10,1,1,3,0,3,0,3,3,0,0,472,158,223,90,354,83,192,79
278,2021601,50051,5,3,3,0,0,24,3,3,12,8,13,10,2,1,0,1,12,1,0,13,4,9,7,6,0,0,0,9,3,5,2,4,5,0,0,826,237,495,94,727,177,464,86
279,2021601,50118,12,5,5,0,0,4,0,1,2,1,1,2,11,3,4,4,10,3,0,15,3,12,6,4,5,1,1,1,1,0,0,0,0,0,0,426,142,229,54,330,87,195,48
280,2021602,1652,14,10,8,2,0,10,0,1,6,3,4,6,5,1,3,1,15,3,1,11,4,7,1,3,6,0,2,2,0,1,2,0,1,0,0,422,142,203,76,337,88,180,69
281,2021602,52758,9,5,5,0,0,8,0,1,3,4,5,3,4,1,3,0,6,2,0,19,4,15,11,7,1,0,0,8,1,7,3,4,6,0,0,834,265,478,90,737,219,436,82
282,2021603,52714,14,5,2,3,0,23,2,7,9,6,10,12,4,2,2,0,9,1,0,13,0,13,4,8,1,1,0,14,4,4,7,3,1,0,0,866,224,554,86,779,173,524,82
283,2021603,57490,14,5,2,3,0,10,0,1,6,3,4,6,14,3,9,2,14,0,0,10,1,9,1,6,3,1,0,4,2,2,0,2,1,0,0,435,157,215,63,346,98,190,58
284,2021604,50068,16,11,8,3,0,3,0,1,1,1,1,2,10,4,6,0,12,1,0,14,3,11,1,6,7,1,1,2,0,2,1,1,2,0,0,435,139,229,66,329,68,202,59
285,2021604,7889,8,4,4,0,0,16,1,6,5,4,10,6,2,0,0,2,11,2,0,12,0,12,3,7,2,1,1,5,0,4,3,2,4,0,0,709,169,467,73,608,108,431,69
286,2021605,50136,10,2,2,0,0,8,1,1,6,1,0,8,5,5,0,0,12,2,0,17,1,16,5,11,1,1,1,5,0,5,1,4,5,0,0,732,257,411,63,632,194,381,57
287,2021605,52749,7,4,3,1,0,6,1,5,1,0,0,4,2,1,0,0,15,3,0,13,1,12,3,7,3,0,1,2,0,2,1,1,2,0,0,621,185,346,89,509,115,314,80
288,2021606,52919,12,8,5,3,0,16,4,6,6,4,8,7,4,0,4,0,11,0,0,6,1,5,1,5,0,0,0,2,0,2,1,1,2,0,0,708,162,468,77,623,117,437,69
289,2021606,52707,4,1,1,0,0,6,0,2,2,2,3,1,10,4,4,2,6,1,0,16,4,12,3,9,4,1,1,3,0,1,3,0,1,0,0,561,175,307,79,498,134,292,72
290,2021607,50157,17,6,5,1,0,5,1,2,2,1,1,4,8,2,4,1,7,2,0,20,3,17,3,2,15,1,2,3,0,3,1,2,3,0,0,449,153,189,107,348,91,160,97
291,2021607,2603790,8,4,3,1,0,19,1,3,10,5,6,12,3,1,1,1,17,2,0,10,3,7,1,8,1,1,1,6,0,6,1,5,4,0,0,644,235,349,58,520,169,305,46
292,2021608,50023,14,9,5,3,1,11,2,1,2,7,7,3,11,5,2,1,13,3,0,18,2,16,4,12,2,2,4,8,0,6,2,6,6,0,0,587,190,323,72,499,134,302,63
293,2021608,50064,8,3,3,0,0,13,3,5,2,6,7,4,8,2,2,1,16,4,0,15,0,15,1,7,7,0,0,4,1,2,1,2,2,0,0,469,146,251,72,377,85,227,65
294,2021609,52758,10,4,1,3,0,13,0,3,3,7,7,6,10,7,3,0,8,2,0,11,3,8,2,7,2,1,1,7,0,7,3,4,6,0,0,680,174,431,74,587,128,393,66
295,2021609,50051,8,4,4,0,0,13,2,7,3,3,8,5,10,3,6,0,8,3,0,9,1,8,0,4,5,1,1,6,1,4,2,3,4,0,0,643,191,366,85,546,137,330,79
296,2021610,50118,11,3,3,0,0,15,1,3,9,2,5,10,8,3,4,1,9,2,0,11,0,11,2,7,2,1,1,5,0,5,1,4,5,0,0,534,185,268,80,423,121,233,69
297,2021610,1652,4,3,1,2,0,14,1,1,6,7,9,5,5,2,1,2,10,1,0,12,3,9,4,3,5,0,0,6,0,4,2,4,4,0,0,683,221,358,103,577,158,325,94
298,2021611,59856,7,2,1,1,0,9,0,3,3,1,1,8,2,2,0,0,14,3,0,8,1,7,2,5,1,0,0,0,0,0,0,0,0,0,0,498,150,281,66,429,105,263,61
299,2021611,50147,4,0,0,0,0,6,0,0,4,2,3,2,4,1,3,0,8,2,1,16,1,15,1,8,7,2,2,3,0,3,1,2,1,0,0,663,190,377,96,579,141,348,90
300,2021612,54266,13,8,5,3,0,14,0,6,5,3,4,10,9,2,4,3,10,3,0,6,1,5,1,4,1,0,0,3,0,2,3,0,2,0,0,537,173,316,46,454,124,286,44
301,2021612,52682,3,1,0,1,0,11,3,6,2,3,7,4,9,2,4,3,5,0,0,9,0,9,3,4,2,0,0,7,1,5,1,5,5,0,0,824,281,446,97,735,228,420,87
302,2021613,52747,9,1,0,1,0,8,1,2,5,1,3,5,10,3,3,3,10,1,0,19,1,18,7,9,3,0,0,1,0,1,1,0,1,0,0,470,186,233,51,369,117,203,49
303,2021613,50037,15,4,3,1,0,16,0,6,5,4,10,6,3,2,0,0,18,4,0,11,1,10,2,8,1,0,0,18,1,16,1,16,16,0,0,696,178,418,100,575,122,381,72
304,2021614,50074,10,4,4,0,0,11,0,3,5,3,4,4,2,1,1,0,10,0,0,14,0,14,4,5,5,0,0,3,0,2,0,2,2,0,0,433,157,212,63,334,100,181,53
305,2021614,50050,8,1,0,0,1,5,0,1,3,1,1,4,6,2,1,1,14,0,0,16,4,12,1,9,6,1,2,1,0,1,0,1,1,0,0,705,169,454,82,602,116,416,70
306,2021615,50124,20,6,3,2,1,11,1,3,6,2,3,8,7,3,1,3,14,2,0,12,1,11,0,10,2,2,1,3,0,3,1,2,2,0,0,604,202,329,73,507,132,307,68
307,2021615,52914,6,1,1,0,0,16,2,2,8,5,6,10,5,3,1,1,12,1,0,15,1,14,1,12,2,4,1,4,0,3,2,2,3,0,0,599,179,347,72,509,114,327,68
308,2021616,60609,8,4,3,0,1,12,0,0,6,6,6,6,9,3,4,2,21,2,0,9,0,9,2,4,3,0,0,4,1,3,1,2,2,0,0,481,156,254,70,382,105,219,58
309,2021616,50137,11,4,2,2,0,13,0,7,4,2,7,6,6,1,1,4,8,1,0,26,4,22,7,12,7,1,1,9,2,7,5,2,7,0,0,643,147,427,68,535,96,380,59
310,2021617,50149,19,9,4,5,0,10,0,2,2,6,3,7,8,3,3,1,19,6,0,16,2,14,3,5,8,1,1,3,0,1,2,1,1,0,0,413,148,202,62,334,102,183,49
311,2021617,50080,9,5,5,0,0,11,1,5,3,3,5,6,8,1,4,1,12,2,0,22,1,21,6,12,4,3,3,4,1,3,1,2,3,0,0,824,281,483,59,743,230,464,49
312,2021618,50139,11,4,3,0,1,18,0,5,7,6,9,8,3,3,0,0,14,0,0,16,3,13,6,8,2,0,0,11,2,9,4,5,8,0,0,832,227,511,93,735,168,485,82
313,2021618,2610,12,5,1,4,0,9,0,2,6,1,2,7,11,4,4,2,13,0,0,15,1,14,1,2,12,1,2,3,0,1,1,2,1,0,0,308,92,141,75,229,48,114,67
314,2021619,50068,18,5,4,1,0,8,0,3,5,0,3,5,10,3,5,2,7,2,0,13,3,10,2,4,7,1,1,0,0,0,0,0,0,0,0,480,183,227,70,380,114,203,63
315,2021619,52714,11,3,3,0,0,16,1,5,6,5,8,7,3,3,0,0,10,2,0,9,2,7,1,8,0,0,0,9,0,9,4,5,3,0,0,738,217,463,57,659,169,442,48
316,2021620,57490,21,5,1,4,0,5,0,2,2,1,1,4,15,8,3,3,10,3,0,14,3,11,3,8,3,0,1,0,0,0,0,0,0,0,0,433,149,232,52,345,97,202,46
317,2021620,7889,6,2,1,1,0,21,0,8,6,7,10,10,3,2,1,0,11,0,0,13,3,10,1,10,2,0,0,9,1,5,6,2,5,0,0,869,198,584,86,767,134,553,80
318,2021621,52919,4,0,0,0,0,14,1,5,3,5,10,4,6,3,2,1,14,3,0,9,1,8,4,4,1,0,0,5,0,1,3,1,1,0,0,738,240,427,71,643,177,401,65
319,2021621,50136,15,7,3,4,0,7,2,3,1,3,3,4,10,2,4,0,8,2,0,15,3,12,8,5,2,0,0,4,0,4,3,1,2,0,0,648,249,332,66,558,190,306,62
320,2021622,52749,22,7,3,4,0,9,1,4,3,2,3,5,2,0,1,0,14,2,0,18,1,17,3,7,7,3,4,2,0,1,2,0,1,0,0,554,158,304,92,449,99,269,81
321,2021622,52707,8,2,0,2,0,6,0,0,4,2,4,2,6,3,0,1,14,5,1,15,2,13,4,7,4,0,0,4,0,3,2,2,3,0,0,575,182,315,77,476,125,282,69
322,2021623,50023,8,3,2,1,0,11,2,4,4,3,6,3,4,1,2,1,14,1,0,15,2,13,1,14,0,2,2,6,0,5,1,5,5,0,0,567,164,334,68,463,107,299,57
323,2021623,50157,14,6,3,3,0,8,2,3,3,1,2,6,7,2,1,4,12,2,0,14,0,14,1,5,8,0,0,6,0,4,4,2,4,0,0,523,163,257,103,425,98,233,94
324,2021624,2603790,10,5,1,4,0,18,1,5,6,7,7,10,4,2,2,0,8,1,0,16,2,14,5,6,5,1,1,7,2,4,4,1,4,0,0,647,250,333,63,544,183,300,61
325,2021624,50064,12,1,1,0,0,7,0,2,3,2,1,5,12,4,5,3,14,2,0,8,0,8,1,3,4,0,1,2,0,2,1,1,2,0,0,458,143,245,69,352,76,212,64
326,2021625,50118,9,5,1,4,0,7,0,2,4,1,3,4,6,4,2,0,14,3,0,13,1,12,3,2,8,0,1,2,0,2,0,2,2,0,0,353,146,132,75,243,76,104,63
327,2021625,52758,8,6,5,0,0,15,0,3,9,3,4,11,3,2,1,0,12,3,0,19,4,15,5,11,3,0,0,11,1,10,3,7,10,0,0,773,261,429,83,672,206,396,70
328,2021626,50051,7,3,3,0,0,20,2,6,7,6,13,7,7,2,2,3,12,1,0,16,0,16,1,11,4,2,1,9,0,7,3,6,7,0,0,758,214,441,102,656,162,406,88
329,2021626,1652,10,3,0,3,0,11,1,4,4,3,6,5,13,2,7,3,16,1,0,16,4,12,1,10,5,1,1,8,0,8,2,6,8,0,0,407,114,221,71,324,57,202,65
330,2021627,54266,14,7,7,0,0,11,0,0,5,6,5,6,7,2,3,1,12,1,0,26,6,20,4,14,8,0,2,1,0,1,0,1,1,0,0,665,196,388,80,550,118,362,70
331,2021627,59856,3,1,1,0,0,9,1,4,3,2,2,6,6,2,3,1,20,0,0,14,1,13,0,9,5,2,3,3,0,3,1,2,3,0,0,461,165,222,74,358,105,187,66
332,2021628,50147,8,2,2,0,0,11,0,0,7,4,6,4,6,0,3,3,10,3,1,19,6,13,2,4,13,2,1,6,0,6,1,5,6,0,0,424,168,185,71,328,111,159,58
333,2021628,52682,8,1,0,1,0,10,0,4,4,2,3,6,4,1,2,1,12,2,0,10,0,10,6,4,0,0,0,9,1,7,0,8,7,1,1,722,235,393,92,615,175,363,77
334,2021629,50074,21,8,4,3,1,13,1,6,6,0,3,9,3,2,1,0,16,2,0,11,4,7,2,7,2,0,0,6,0,5,0,6,5,0,0,668,199,380,89,571,141,353,77
335,2021629,52747,12,4,4,0,0,12,4,2,7,1,6,6,6,3,3,0,7,2,0,16,0,16,5,8,3,0,0,1,0,0,1,0,0,0,0,674,258,368,46,569,184,343,42
336,2021630,50037,11,5,4,0,0,23,3,8,6,9,9,13,6,1,5,0,6,0,0,8,4,4,1,5,1,0,0,12,2,9,2,8,9,0,0,746,213,461,72,655,160,434,61
337,2021630,50050,9,5,5,0,0,9,0,3,2,3,4,5,17,6,7,2,4,1,0,10,4,6,1,4,5,0,0,3,0,3,0,3,3,0,0,522,136,321,65,430,88,290,52
338,2021631,60609,16,7,6,1,0,8,0,1,5,2,4,4,4,2,0,2,15,4,1,16,6,10,1,3,12,0,0,2,1,1,0,1,1,0,0,544,156,308,78,455,100,280,75
339,2021631,50124,9,3,2,1,0,10,3,3,6,1,7,3,3,1,1,1,10,0,0,15,0,15,4,5,6,0,1,5,0,5,1,4,5,0,0,616,189,357,70,509,123,330,56
340,2021632,52914,5,1,1,0,0,12,0,2,7,3,4,8,7,5,1,1,8,1,0,8,1,7,0,4,4,2,2,1,0,0,1,0,0,0,0,431,128,231,72,345,80,202,63
341,2021632,50137,8,3,3,0,0,13,0,5,6,2,3,9,5,3,2,0,7,0,0,12,2,10,2,10,0,0,0,3,0,3,2,1,3,0,0,613,160,366,85,542,119,344,79
342,2021633,50139,19,3,1,2,0,15,0,6,3,6,11,4,2,1,1,0,18,2,0,21,3,18,6,9,6,2,2,13,2,9,3,8,7,0,0,569,173,302,94,473,127,267,79
343,2021633,50149,7,1,1,0,0,5,0,1,3,1,4,1,12,3,5,4,17,2,0,19,1,18,5,6,8,2,3,0,0,0,0,0,0,0,0,486,191,224,70,389,137,194,58
344,2021634,50080,4,3,2,1,0,22,7,8,5,8,17,5,1,1,0,0,7,2,1,15,1,14,3,12,0,2,0,8,1,6,3,4,5,0,0,915,264,588,63,849,221,571,57
345,2021634,2610,21,6,5,0,1,2,0,0,1,1,1,1,16,7,6,3,13,3,0,8,0,8,0,7,1,1,1,3,1,3,1,1,2,0,0,451,120,264,65,392,89,241,62
346,2021635,59856,6,4,3,1,0,12,0,4,4,4,7,5,4,2,1,1,11,2,0,14,0,14,1,6,7,1,2,5,0,5,2,3,5,0,0,614,193,340,80,507,118,317,72
347,2021635,54266,16,6,5,1,0,10,0,1,6,3,7,2,8,2,4,2,14,2,0,12,1,11,2,8,2,1,1,2,0,2,1,1,2,0,0,636,213,354,69,543,147,332,64
348,2021636,52682,15,6,4,2,0,15,2,4,7,3,9,5,9,6,1,2,13,2,0,12,3,9,5,6,1,0,0,4,0,4,2,2,4,0,0,640,203,370,67,548,147,340,61
349,2021636,50147,13,4,1,3,0,11,1,4,2,4,5,6,7,1,4,2,11,3,0,16,3,13,2,10,4,0,0,6,0,5,4,2,5,0,0,627,220,324,82,504,151,278,75
350,2021637,52747,18,5,4,1,0,19,0,5,7,7,4,14,3,2,1,0,13,0,0,10,0,10,3,3,4,0,0,7,4,3,2,1,3,0,0,768,269,440,59,684,211,419,54
351,2021637,50074,12,4,3,1,0,6,0,2,3,1,2,3,12,1,6,3,9,0,0,15,2,13,2,9,4,1,1,3,1,3,0,2,3,0,0,615,181,355,79,532,132,329,71
352,2021638,50050,20,8,5,3,0,10,1,3,4,3,2,6,2,0,0,0,11,0,0,11,2,9,1,6,4,1,1,5,0,4,1,4,4,0,0,686,176,446,63,598,116,428,54
353,2021638,50037,12,6,4,2,0,7,0,2,5,0,2,5,6,0,0,0,9,0,0,14,3,11,7,5,2,0,0,4,0,4,2,2,4,0,0,755,263,402,89,665,203,379,83
354,2021639,50124,8,6,3,3,0,32,3,9,12,11,16,15,3,2,0,1,15,3,1,13,0,13,2,10,1,1,1,12,1,11,2,9,11,0,0,662,193,410,59,559,136,380,43
355,2021639,60609,12,4,2,2,0,3,0,2,0,1,1,2,20,7,7,6,13,2,1,15,1,14,3,4,8,0,0,2,1,1,1,0,0,0,0,511,167,275,67,418,109,247,62
356,2021640,50137,5,1,1,0,0,10,2,3,6,1,3,7,10,6,2,1,5,0,0,12,2,10,2,6,4,0,1,5,0,4,1,4,4,0,0,594,173,349,72,508,120,326,62
357,2021640,52914,7,2,2,0,0,14,2,6,4,4,5,9,4,0,2,2,8,0,0,7,2,5,1,3,3,0,1,3,2,1,0,1,1,0,0,615,190,343,80,530,141,320,69
358,2021641,50149,11,5,2,1,1,7,0,1,4,2,1,6,10,2,5,3,16,3,0,13,4,9,2,5,5,0,4,3,1,2,0,2,2,0,0,423,152,208,62,322,97,179,46
359,2021641,50139,10,5,4,1,0,16,1,4,6,6,9,7,3,1,0,0,8,2,0,18,2,16,2,13,3,0,1,7,0,6,2,5,6,0,0,795,241,479,75,686,173,450,63
360,2021642,2610,20,8,4,4,0,6,0,1,4,1,1,5,15,3,7,4,9,3,0,16,7,9,2,4,10,1,1,4,0,4,1,3,4,0,0,363,136,162,65,286,91,140,55
361,2021642,50080,4,4,3,1,0,20,2,6,4,9,9,9,2,2,0,0,9,2,0,9,0,9,4,4,1,0,0,12,0,10,8,4,10,0,0,776,242,462,70,674,179,433,62
362,2021643,52714,10,2,2,0,0,10,2,2,5,3,4,5,7,4,2,1,8,1,0,13,1,12,6,2,5,1,0,8,1,8,3,4,2,0,0,650,209,367,73,561,158,335,68
363,2021643,50068,16,2,2,0,0,10,1,2,3,5,3,7,5,2,3,0,11,3,0,12,5,7,2,4,6,1,1,1,0,0,1,0,0,0,0,511,191,246,73,408,124,217,67
364,2021644,7889,10,5,4,1,0,19,2,5,9,5,12,7,2,1,1,0,7,0,0,8,0,8,0,7,1,2,2,17,1,11,6,9,11,0,0,959,220,649,88,846,160,614,72
365,2021644,57490,16,5,4,1,0,5,0,1,3,1,2,2,11,4,3,2,9,2,0,7,0,7,2,0,5,0,0,2,0,2,2,0,2,0,0,389,124,217,48,292,59,187,46
366,2021645,50136,18,7,6,1,0,10,1,4,2,3,3,6,9,3,4,2,8,2,0,12,1,11,3,7,1,1,1,4,0,3,2,2,3,0,0,694,281,359,53,594,216,333,44
367,2021645,52919,18,5,4,1,0,15,2,1,5,8,8,7,7,3,1,3,12,1,0,13,6,7,1,8,4,1,1,6,2,1,3,1,1,0,0,709,226,415,68,613,159,392,62
368,2021646,52707,9,2,2,0,0,18,3,4,5,8,9,7,7,2,4,1,12,1,0,17,1,16,3,7,7,1,1,9,1,8,4,4,8,0,0,623,182,364,77,527,130,331,66
369,2021646,52749,17,4,3,1,0,11,0,5,4,2,1,8,12,6,4,2,15,2,0,14,2,12,6,6,2,1,1,3,0,3,2,1,3,0,0,563,180,302,80,487,133,280,74
370,2021647,50157,10,5,5,0,0,8,1,1,5,2,1,6,7,6,1,0,16,4,0,22,5,17,2,8,13,3,3,8,1,6,4,3,6,1,0,536,199,254,84,421,143,205,74
371,2021647,50023,16,5,3,2,0,12,1,4,5,3,8,4,3,2,0,1,17,3,0,19,3,16,0,6,13,5,6,3,0,3,1,2,3,0,0,460,149,234,76,333,76,196,61
372,2021648,50064,19,6,3,3,0,8,0,0,5,3,7,1,5,1,1,2,19,1,0,24,2,22,1,10,13,1,2,3,0,3,0,3,3,0,0,470,172,223,75,341,91,185,65
373,2021648,2603790,18,6,5,1,0,8,0,1,3,4,4,3,3,2,1,0,22,3,0,20,1,19,5,8,7,1,1,5,2,2,2,1,2,0,0,622,233,326,62,486,143,284,59
374,2021649,52758,15,8,4,3,1,29,1,8,10,11,12,16,1,1,0,0,8,0,0,14,0,14,5,8,1,2,1,9,0,9,2,7,9,0,0,926,254,576,95,814,194,541,79
375,2021649,50118,15,3,3,0,0,3,0,0,3,0,0,3,19,7,5,4,14,3,0,10,1,9,1,3,6,0,0,1,0,1,1,0,1,0,0,307,119,135,53,221,66,108,47
376,2021650,1652,10,6,4,2,0,8,0,4,2,2,3,4,14,6,6,1,14,1,0,8,3,5,3,3,2,1,1,1,0,1,1,0,1,0,0,494,131,281,81,430,97,259,74
377,2021650,50051,11,7,6,1,0,18,0,9,4,5,6,12,6,2,3,1,6,1,0,15,0,15,4,7,4,3,1,11,0,8,4,7,7,0,0,789,240,443,106,720,208,415,97
378,2021651,50068,18,8,5,3,0,13,1,1,10,2,5,6,4,1,1,0,12,3,0,15,2,13,2,12,1,3,3,4,0,4,4,0,4,0,0,705,184,448,73,592,122,404,66
379,2021651,57490,14,5,4,1,0,8,0,3,3,1,2,5,3,0,2,0,13,1,0,15,3,12,7,4,4,1,2,0,0,0,0,0,0,0,0,543,182,302,59,438,109,275,54
380,2021652,52714,19,9,8,1,0,7,2,2,3,2,5,2,5,2,1,2,10,2,0,19,1,18,9,6,3,3,3,6,0,6,5,1,0,0,0,854,230,542,80,755,183,500,72
381,2021652,7889,11,4,3,1,0,7,4,4,2,1,3,4,4,2,1,1,19,3,0,21,11,10,3,5,13,0,1,7,1,6,1,5,1,0,0,411,141,204,66,326,83,181,62
382,2021653,52919,10,4,2,1,1,13,2,3,9,1,2,11,3,0,2,1,11,3,0,15,0,15,4,11,0,0,0,6,0,2,5,1,0,0,0,992,286,654,51,883,220,615,48
383,2021653,52749,17,11,7,4,0,6,0,2,3,1,3,2,4,3,0,0,15,3,0,14,3,11,2,3,9,0,0,4,0,4,3,1,2,0,0,366,120,173,73,283,74,140,69
384,2021654,50136,12,3,2,1,0,14,2,3,5,6,5,7,4,1,1,2,12,3,0,12,1,11,4,6,2,0,0,7,0,7,3,4,7,0,0,741,256,405,78,645,209,375,61
385,2021654,52707,13,4,4,0,0,8,1,4,4,0,1,7,9,2,4,3,11,2,0,20,7,13,4,10,6,0,1,4,1,2,2,1,2,0,0,613,213,328,72,528,151,310,67
386,2021655,50023,21,5,2,3,0,8,1,2,5,1,4,4,2,0,1,1,12,4,0,24,6,18,3,16,5,3,2,6,0,5,4,2,5,0,0,562,165,317,79,436,89,280,67
387,2021655,2603790,19,6,6,0,0,6,0,0,4,2,1,5,3,1,1,1,18,1,0,16,4,12,1,5,10,0,0,5,0,5,1,4,5,0,0,561,223,250,88,443,155,216,72
388,2021656,50157,16,6,6,0,0,8,0,4,1,2,4,3,4,3,1,0,14,2,0,19,0,19,3,9,6,4,5,7,0,7,6,1,7,0,0,662,198,366,96,533,122,330,81
389,2021656,50064,6,5,3,2,0,8,1,1,4,3,3,4,6,4,1,1,19,2,0,15,1,14,1,5,9,1,1,0,0,0,0,0,0,0,0,424,153,219,52,334,90,196,48
390,2021657,50118,18,8,7,1,0,11,2,3,4,4,5,5,6,2,3,1,8,0,0,13,2,11,2,7,4,1,2,4,0,4,2,2,4,0,0,388,136,197,54,304,94,170,40
391,2021657,50051,9,6,5,1,0,11,1,3,5,3,4,7,8,3,3,1,11,1,0,12,2,10,6,5,1,1,1,5,1,2,3,1,2,0,0,788,252,465,71,712,205,442,65
392,2021658,52758,12,5,5,0,0,6,1,2,3,1,2,4,7,4,2,1,11,2,0,10,3,7,1,6,3,2,2,8,0,8,2,6,8,0,0,604,203,320,81,499,145,283,71
393,2021658,1652,10,6,4,1,1,10,0,4,3,3,6,4,3,1,2,0,8,0,0,13,1,12,2,8,3,1,1,10,1,6,3,5,6,0,0,587,157,347,82,485,93,323,69
394,2021659,54266,20,5,5,0,0,9,0,2,4,3,2,7,9,4,5,0,18,3,0,16,2,14,1,6,9,1,1,5,0,5,2,3,5,0,0,453,173,212,68,342,105,178,59
395,2021659,50147,9,3,3,0,0,12,1,4,3,5,5,7,5,1,2,1,14,2,0,21,3,18,6,12,3,2,2,5,0,4,3,2,4,0,0,684,256,360,68,575,185,334,56
396,2021660,59856,9,3,3,0,0,11,0,5,4,1,1,8,6,1,4,1,7,0,0,14,1,13,1,8,5,3,4,4,0,4,0,4,4,0,0,381,123,189,68,308,77,177,54
397,2021660,52682,6,3,3,0,0,15,1,3,7,3,8,6,6,3,3,0,14,1,0,7,0,7,1,5,1,0,0,6,0,6,3,3,6,0,0,747,238,420,88,675,195,399,81
398,2021661,50074,9,4,4,0,0,9,2,4,4,1,3,6,9,3,4,1,17,2,0,10,3,7,3,3,4,0,0,2,0,2,0,2,2,0,0,526,192,263,69,436,139,233,64
399,2021661,50037,3,0,0,0,0,15,1,3,7,5,9,6,5,2,1,1,7,3,0,21,4,17,4,9,8,2,2,2,0,1,2,0,1,0,0,766,222,454,90,671,167,419,85
400,2021662,52747,22,11,9,2,0,16,1,4,10,2,3,12,2,0,1,1,9,0,0,7,0,7,4,1,2,2,2,5,3,2,0,2,2,0,0,814,334,408,72,720,266,390,64
401,2021662,50050,17,9,6,3,0,6,0,0,4,2,3,3,6,3,1,2,7,2,0,14,5,9,3,7,4,0,0,2,1,1,0,1,1,0,0,549,163,325,59,439,93,292,54
402,2021663,60609,7,4,2,2,0,4,1,1,1,1,2,2,9,3,4,1,5,2,1,15,2,13,2,12,1,0,0,0,0,0,0,0,0,0,0,700,198,442,59,641,165,421,55
403,2021663,52914,3,3,1,2,0,14,2,6,5,3,5,9,2,2,0,0,12,1,0,4,1,3,0,4,0,0,0,5,1,2,1,3,2,0,0,670,159,442,69,604,119,422,63
404,2021664,50124,23,9,9,0,0,14,0,3,6,5,4,7,5,3,1,0,15,1,0,14,1,13,3,8,3,1,1,4,1,3,2,1,3,0,0,559,211,291,57,470,159,261,50
405,2021664,50137,9,4,3,1,0,8,0,1,2,4,3,5,8,3,2,1,14,3,1,19,4,15,1,12,6,1,1,2,0,1,1,1,1,0,0,564,153,320,91,466,98,285,83
406,2021665,50139,18,4,3,0,1,11,0,3,6,2,4,7,4,2,0,0,12,2,0,14,2,12,3,7,4,2,2,2,0,2,0,2,2,0,0,481,177,243,60,399,121,223,55
407,2021665,50080,16,6,5,1,0,10,0,2,6,2,1,7,5,2,2,1,12,3,0,12,0,12,2,7,3,1,1,3,0,3,1,2,3,0,0,778,259,435,83,697,206,415,76
408,2021666,50149,11,3,2,1,0,15,1,2,9,4,3,10,4,2,1,0,13,4,0,27,2,25,5,13,9,1,1,6,2,6,2,2,5,0,0,654,199,400,54,570,136,385,49
409,2021666,2610,16,5,4,1,0,7,0,1,3,3,5,2,6,3,1,2,23,3,0,14,1,13,1,10,3,2,1,1,0,1,0,1,1,0,0,480,155,259,66,420,117,243,60
410,2021667,50147,14,6,4,1,1,24,0,4,12,8,15,8,2,0,2,0,15,1,0,18,3,15,7,7,4,2,2,9,0,8,2,7,8,0,0,760,232,439,87,637,159,407,71
411,2021667,59856,5,1,0,1,0,5,2,2,3,0,1,4,12,4,6,2,14,3,0,16,1,15,1,9,6,1,2,3,1,2,0,2,2,0,0,446,167,207,72,335,89,183,63
412,2021668,52682,12,5,4,1,0,13,3,5,3,4,8,5,3,1,2,0,11,1,0,13,2,11,3,5,5,0,2,9,1,7,3,5,7,0,0,725,230,407,87,633,168,389,76
413,2021668,54266,15,4,2,2,0,8,1,2,5,1,3,5,9,2,5,2,11,1,0,11,0,11,2,5,4,0,0,3,0,2,2,1,2,0,0,581,208,307,65,484,147,277,60
414,2021669,50037,14,5,4,0,0,9,1,1,4,4,6,1,9,4,2,3,18,4,0,16,4,12,2,12,2,1,0,4,1,4,1,2,4,0,0,617,188,364,65,534,147,336,51
415,2021669,52747,16,9,6,3,0,12,2,7,3,2,4,8,5,3,2,0,12,2,0,20,2,18,6,8,6,1,2,4,0,4,4,0,4,0,0,679,245,375,59,591,194,348,49
416,2021670,50050,9,1,1,0,0,10,0,4,3,3,5,5,6,3,1,2,10,1,0,18,6,12,1,10,7,0,0,4,1,2,2,1,2,0,0,545,157,329,58,465,106,309,50
417,2021670,50074,10,3,2,0,0,8,1,4,2,2,1,6,7,3,3,1,12,0,0,12,2,10,5,7,0,0,0,2,0,2,1,1,2,0,0,782,193,480,108,697,152,453,92
418,2021671,52914,9,3,2,1,0,18,4,8,7,3,11,5,6,2,3,0,10,1,0,15,2,13,5,8,2,1,1,10,4,3,3,3,3,0,0,674,192,415,67,577,132,386,59
419,2021671,50124,15,5,1,4,0,11,0,2,4,4,3,8,11,2,3,4,12,1,0,11,1,10,1,7,3,1,1,5,1,4,2,2,4,0,0,664,227,380,56,563,174,343,46
420,2021672,50137,3,3,3,0,0,18,1,7,8,3,9,8,2,2,0,0,4,1,0,13,3,10,1,12,0,2,2,14,3,9,3,8,9,0,0,706,216,414,76,601,158,382,61
421,2021672,60609,14,10,5,5,0,3,1,2,1,0,1,2,11,1,7,2,9,4,0,8,4,4,0,2,6,0,1,0,0,0,0,0,0,0,0,431,147,206,78,360,109,179,72
422,2021673,50080,7,5,3,2,0,12,1,3,4,5,4,8,3,3,0,0,12,1,0,16,2,14,5,8,3,0,1,4,1,3,1,2,2,0,0,852,286,498,68,756,219,478,59
423,2021673,50149,9,7,5,2,0,5,1,3,2,0,2,2,8,1,5,2,13,1,0,14,3,11,2,7,5,0,0,1,0,1,0,1,1,0,0,489,194,234,59,391,125,215,51
424,2021674,2610,13,6,2,2,1,8,1,3,4,1,4,3,4,1,2,1,17,3,0,17,2,15,4,9,4,1,2,5,1,5,2,2,5,0,0,525,169,293,62,425,106,263,56
425,2021674,50139,10,0,0,0,0,6,0,3,2,1,2,3,5,2,2,1,15,1,0,19,2,17,1,16,2,1,1,4,0,4,2,2,4,0,0,787,202,528,56,708,144,512,52
426,2021675,57490,22,12,9,3,0,7,0,1,5,1,2,4,14,6,7,1,9,3,0,8,1,7,1,2,5,0,1,1,0,1,1,0,0,0,0,381,141,187,53,297,85,163,49
427,2021675,52714,6,3,3,0,0,23,2,7,9,7,13,10,2,1,1,0,7,0,0,10,1,9,4,5,1,2,0,9,1,7,2,6,6,0,0,945,292,584,67,856,232,564,60
428,2021676,7889,9,2,1,1,0,10,1,3,4,3,5,5,9,5,2,1,16,1,0,13,2,11,4,7,2,1,1,4,0,1,2,1,1,0,0,674,190,439,45,570,124,404,42
429,2021676,50068,18,10,8,2,0,13,0,4,4,5,4,8,6,1,1,4,11,2,0,18,1,17,4,10,4,0,0,2,0,2,0,2,2,0,0,615,244,310,60,513,170,290,53
430,2021677,52749,14,2,2,0,0,10,0,1,6,3,4,5,4,2,1,1,18,3,1,20,6,14,5,6,9,0,0,5,0,4,3,2,4,0,0,498,173,226,99,413,116,208,89
431,2021677,50136,9,2,2,0,0,7,2,3,3,1,2,4,4,2,0,2,14,1,0,20,2,18,10,6,4,2,3,5,0,4,4,1,4,0,0,753,300,395,58,646,239,360,47
432,2021678,52707,14,8,6,2,0,11,0,4,5,2,2,9,4,1,3,0,9,1,0,11,2,9,0,6,5,0,1,2,0,2,1,1,1,0,0,462,148,266,48,386,98,245,43
433,2021678,52919,4,0,0,0,0,9,1,1,4,3,5,3,6,3,3,0,10,2,0,8,0,8,3,4,1,0,0,6,2,2,3,1,2,0,0,895,251,593,49,815,196,571,48
434,2021679,2603790,15,5,4,1,0,21,4,9,5,6,9,12,8,3,3,1,12,2,1,12,1,11,5,7,0,1,1,10,2,8,2,6,8,0,0,572,210,326,36,492,165,300,27
435,2021679,50157,19,6,5,1,0,13,1,8,5,0,4,9,15,7,7,1,11,4,0,18,5,13,4,7,7,1,1,5,1,3,0,3,4,0,0,600,192,312,95,516,137,294,85
436,2021680,50064,5,4,1,1,2,11,0,2,5,4,6,4,4,1,2,1,6,1,1,11,0,11,3,5,3,0,0,5,1,4,0,4,4,0,0,677,161,409,107,591,125,370,96
437,2021680,50023,9,4,1,2,0,11,0,2,7,2,4,5,7,3,2,2,11,0,1,6,0,6,1,3,2,1,1,3,0,3,0,3,3,0,0,418,122,225,70,331,82,192,56
438,2021681,50051,16,7,7,0,0,18,2,8,6,4,7,11,4,2,2,0,3,0,0,8,0,8,3,5,0,0,0,9,2,7,1,6,7,0,0,942,282,555,104,879,243,540,96
439,2021681,52758,17,5,4,1,0,6,2,1,2,3,5,1,12,8,3,1,8,1,0,5,2,3,2,2,1,0,0,3,1,2,0,2,2,0,0,519,153,305,60,465,116,293,56
440,2021682,1652,10,4,4,0,0,18,1,8,6,4,8,9,3,1,1,1,20,2,0,13,2,11,2,11,0,1,1,9,1,5,5,3,5,0,0,801,265,485,50,705,200,462,43
441,2021682,50118,19,8,5,1,0,7,0,0,4,3,4,2,12,4,5,2,8,2,0,22,2,20,5,7,10,2,2,2,1,1,0,1,1,0,0,464,155,228,80,366,97,199,70
442,2021683,50139,15,4,1,3,0,8,1,3,2,2,3,5,5,3,0,2,16,3,0,11,0,11,1,5,5,0,0,5,0,5,3,2,5,0,0,385,128,190,66,289,72,159,58
443,2021683,1652,12,8,7,1,0,8,1,4,3,1,2,6,5,2,1,1,13,2,0,21,4,17,6,10,5,1,1,5,0,4,2,3,4,0,0,737,225,448,63,638,161,419,58
444,2021684,59856,13,7,6,1,0,11,1,3,6,2,3,7,5,2,1,2,9,2,0,8,3,5,4,2,2,0,1,3,1,2,1,1,1,0,0,390,142,194,52,323,104,173,46
445,2021684,52919,8,3,3,0,0,8,0,3,3,2,2,5,5,3,0,2,5,2,0,13,3,10,3,9,1,1,0,6,3,3,3,0,2,0,0,965,283,608,74,892,240,584,68
446,2021685,52914,11,5,3,2,0,9,0,1,4,2,2,6,3,2,0,1,17,2,0,13,0,13,3,5,5,0,0,3,1,1,1,1,1,0,0,417,144,221,52,329,91,190,48
447,2021685,50080,7,3,2,1,0,6,0,1,3,2,4,2,3,2,0,1,13,3,0,18,1,17,7,10,1,0,0,4,1,3,0,3,3,0,0,983,301,619,61,894,244,595,55
448,2021686,50037,9,4,4,0,0,29,0,8,12,8,11,15,2,1,0,0,16,1,0,15,1,14,5,7,3,1,0,6,0,5,2,4,5,0,0,650,172,409,69,564,113,391,60
449,2021686,50157,5,2,2,0,0,6,0,1,4,1,2,4,16,6,5,3,14,3,1,19,2,17,3,1,15,1,2,3,0,3,2,1,3,0,0,349,130,151,68,258,68,129,61
450,2021687,50064,7,4,4,0,0,7,1,2,3,2,2,5,3,3,0,0,9,0,0,10,0,10,2,6,2,0,0,6,0,5,0,6,5,0,0,599,201,321,77,496,130,299,67
451,2021687,7889,9,3,3,0,0,9,0,1,5,2,6,3,4,0,2,2,10,0,0,12,3,9,1,9,2,0,0,1,0,1,0,1,1,0,0,699,212,404,81,604,142,386,76
452,2021688,52714,8,4,4,0,0,25,3,8,9,8,10,14,2,0,2,0,12,1,0,23,1,22,10,11,2,0,0,12,1,11,1,10,5,0,0,614,206,362,45,533,156,342,35
453,2021688,52682,3,2,0,1,0,6,1,1,4,1,1,4,16,4,7,4,22,1,0,14,2,12,5,4,5,0,0,4,1,3,0,3,2,0,0,485,175,236,74,401,116,214,71
454,2021689,50051,6,2,1,1,0,14,1,5,4,5,6,8,8,4,2,2,14,2,0,16,0,16,6,8,2,0,1,11,0,8,3,7,7,0,0,594,194,329,70,503,137,307,59
455,2021689,52747,9,4,4,0,0,13,0,3,5,5,6,5,10,1,5,3,16,4,0,22,8,14,6,12,4,1,0,4,0,4,2,2,4,0,0,569,196,316,57,495,143,300,52
456,2021690,52707,5,2,1,1,0,12,2,5,3,4,4,7,9,5,4,0,11,2,0,12,2,10,5,3,4,0,1,8,3,4,3,2,4,0,0,594,175,344,75,517,124,324,69
457,2021690,50137,7,1,0,1,0,13,1,7,4,2,6,6,9,4,3,1,9,1,0,13,2,11,4,5,4,0,0,9,2,7,2,5,7,0,0,586,162,367,57,497,105,343,49
458,2021691,50080,16,7,4,3,0,5,2,4,1,0,2,3,7,3,3,1,11,1,0,23,4,19,5,13,5,1,0,4,0,4,1,3,4,0,0,681,222,400,59,597,168,375,54
459,2021691,52914,14,6,5,1,0,14,0,3,5,4,6,7,4,1,1,2,17,3,0,12,1,11,3,8,1,1,2,6,1,4,2,3,3,0,0,556,212,286,56,472,155,269,48
460,2021692,50157,11,3,2,0,0,16,0,3,7,6,5,10,4,2,2,0,18,2,0,14,1,13,3,9,2,1,1,4,1,1,3,0,1,0,0,584,218,308,58,479,140,285,54
461,2021692,50037,10,3,3,0,0,11,0,4,7,0,4,7,9,2,5,2,13,3,0,21,2,19,3,13,5,2,2,4,0,4,0,4,4,0,0,559,190,295,74,466,131,272,63
462,2021693,1652,9,4,4,0,0,22,0,5,8,8,10,12,2,0,2,0,20,3,0,15,2,13,4,7,4,0,0,6,1,6,0,5,6,0,0,637,192,351,93,526,117,326,83
463,2021693,50139,21,9,7,2,0,6,0,1,4,1,2,4,13,4,8,1,12,4,0,20,2,18,3,11,6,0,0,1,0,1,0,1,1,0,0,570,175,321,74,464,108,290,66
464,2021694,52919,7,2,2,0,0,6,1,2,0,4,5,1,2,1,0,0,5,1,0,17,3,14,3,12,2,1,1,5,0,2,3,2,0,0,0,1170,347,744,78,1096,307,715,74
465,2021694,59856,4,1,1,0,0,5,0,1,3,1,1,4,6,0,4,2,12,1,0,8,3,5,0,3,5,1,1,0,0,0,0,0,0,0,0,381,126,202,53,322,85,188,49
466,2021695,52747,7,3,1,2,0,7,0,1,3,3,3,4,10,3,6,1,10,3,1,17,5,12,4,11,2,1,0,7,0,5,3,4,5,0,0,687,254,384,47,582,189,353,40
467,2021695,50051,13,8,5,2,1,19,2,4,6,6,11,8,4,1,1,2,12,2,0,15,6,9,3,7,5,0,0,8,2,4,4,2,3,0,0,692,248,383,61,600,197,348,55
468,2021696,50137,20,11,6,4,0,9,0,2,4,3,3,6,2,1,0,1,14,2,0,13,2,11,2,6,5,0,1,2,0,1,0,2,0,0,0,431,124,233,73,343,64,211,68
469,2021696,52707,8,1,0,1,0,4,0,0,2,2,3,1,5,2,2,1,11,3,1,19,5,14,5,10,4,2,1,6,0,5,2,4,3,0,0,673,206,378,88,589,149,360,80
470,2021697,7889,8,5,3,2,0,12,0,5,4,2,7,5,3,1,0,2,11,1,0,14,1,13,4,8,2,1,1,1,0,1,1,0,1,0,0,929,253,569,107,819,174,542,103
471,2021697,50064,7,4,4,0,0,9,0,1,6,2,4,4,7,4,3,0,13,2,0,16,5,11,3,8,5,1,1,3,1,2,1,1,1,0,0,529,205,269,54,423,124,248,51
472,2021698,52682,5,1,0,1,0,16,2,3,8,5,10,5,9,3,4,1,9,1,0,11,1,10,3,5,3,1,0,5,0,4,1,4,4,0,0,601,206,317,77,519,143,304,72
473,2021698,52714,9,2,1,1,0,19,1,4,10,5,7,9,8,1,7,0,10,4,0,10,1,9,0,8,2,1,0,3,0,1,2,1,1,0,0,584,203,334,47,492,133,313,46
474,2021699,50080,5,1,0,1,0,17,0,7,5,4,7,9,9,2,5,2,8,0,0,8,0,8,2,6,0,0,0,10,2,6,4,4,1,0,0,734,258,414,62,650,197,397,56
475,2021699,50137,10,7,5,2,0,12,2,2,3,7,9,1,11,5,3,2,8,2,0,11,3,8,4,1,6,1,0,7,4,3,1,2,1,0,0,545,191,280,73,455,134,254,67
476,2021700,52714,7,2,2,0,0,7,1,3,3,1,1,6,6,0,4,1,12,2,0,12,3,9,5,3,4,1,1,3,0,3,1,2,3,0,0,516,152,308,55,423,102,272,50
477,2021700,50037,10,5,5,0,0,12,1,3,6,3,6,6,4,1,1,2,9,3,0,13,1,12,1,6,6,2,2,6,0,6,1,5,5,0,0,676,185,390,101,578,125,365,88
478,2021701,50139,9,6,6,0,0,12,3,2,6,4,2,9,3,1,1,1,14,3,1,16,0,16,5,9,2,1,1,5,0,5,1,4,5,0,0,605,166,367,71,520,117,343,60
479,2021701,50051,14,5,4,1,0,11,1,3,6,0,3,8,6,1,3,2,16,2,0,15,1,14,3,10,2,0,0,6,1,3,2,3,3,0,0,728,254,400,74,664,219,380,65
480,2021702,7889,9,4,3,1,0,6,0,2,2,2,3,2,5,1,1,2,6,1,0,14,4,10,3,2,9,2,2,0,0,0,0,0,0,0,0,487,154,253,80,390,97,219,74
481,2021702,52919,9,4,3,0,1,11,0,0,6,5,5,6,4,3,1,0,10,4,0,9,2,7,1,6,2,0,1,8,1,7,2,5,7,0,0,847,235,528,83,752,191,489,72
482,2021703,50051,7,3,3,0,0,18,2,5,7,5,11,7,6,3,2,1,8,3,0,21,2,19,6,11,4,4,5,7,1,4,1,4,4,0,0,742,230,426,86,639,166,400,73
483,2021703,50139,20,6,5,0,0,9,1,3,3,3,5,4,10,5,3,2,20,6,1,11,3,8,1,2,8,0,1,3,0,3,3,0,3,0,0,463,108,291,62,384,64,267,53
484,2021704,52919,12,4,2,2,0,19,0,2,4,12,10,8,1,0,1,0,5,2,0,7,0,7,3,1,3,2,2,9,1,6,4,4,5,0,0,776,223,487,66,678,171,449,58
485,2021704,7889,12,6,4,2,0,3,1,1,2,0,0,2,14,4,6,3,7,4,0,13,8,5,0,3,10,0,0,2,0,1,2,0,1,0,0,407,122,213,71,304,61,176,67
486,2021705,50137,7,1,1,0,0,13,1,4,8,1,7,4,5,3,2,0,19,2,0,13,3,10,2,8,2,0,1,6,1,4,3,2,4,0,0,453,135,247,70,380,89,226,65
487,2021705,50080,5,4,2,1,0,9,0,3,4,2,3,5,5,3,2,0,10,3,0,19,0,19,3,13,3,0,0,3,1,2,1,1,2,0,0,583,217,276,89,496,157,257,82
488,2021706,50037,10,5,4,1,0,17,1,6,9,2,6,11,2,2,0,0,13,1,0,13,1,12,1,5,7,1,1,9,1,7,2,6,7,0,0,569,175,308,85,462,113,278,71
489,2021706,52714,7,1,1,0,0,8,0,0,5,2,3,5,7,0,6,1,12,3,1,18,5,13,3,7,8,1,1,1,0,1,0,1,1,0,0,587,188,317,82,497,121,297,79
490,2021707,7889,11,7,7,0,0,15,2,6,4,4,7,7,7,5,2,0,13,3,0,10,3,7,1,5,4,0,0,7,0,5,2,5,4,0,0,535,154,295,85,433,93,267,73
491,2021707,50137,8,6,3,3,0,12,0,4,5,3,7,4,10,3,5,2,7,2,0,17,4,13,3,9,5,0,0,4,0,4,0,4,3,0,0,574,185,304,84,473,118,281,74
492,2021708,50037,9,4,3,0,0,12,1,4,4,4,5,5,3,1,2,0,8,2,0,20,6,14,5,11,4,2,2,10,0,9,4,6,7,0,0,713,214,417,82,631,165,393,73
493,2021708,50051,12,2,2,0,0,5,0,2,2,1,2,2,8,3,2,2,14,1,0,8,0,8,2,5,1,1,1,3,0,3,1,2,3,0,0,502,184,242,75,416,131,219,66
494,2021709,50051,7,2,0,2,0,7,1,1,5,1,3,4,13,3,7,1,10,4,0,10,0,10,3,2,5,0,0,6,1,2,2,3,2,0,0,483,160,245,78,400,113,216,71
495,2021709,50037,5,2,1,1,0,18,2,6,4,7,11,6,2,0,1,1,10,0,0,13,3,10,2,6,5,2,1,11,0,11,3,8,8,0,0,704,221,387,96,597,155,359,83
496,2021710,50137,8,3,3,0,0,20,1,3,14,3,9,11,8,1,5,2,10,2,0,18,5,13,3,11,4,1,3,7,0,6,1,6,5,0,0,625,143,378,103,530,95,349,86
497,2021710,7889,4,1,1,0,0,9,0,3,1,5,6,3,6,2,1,3,14,3,0,13,3,10,3,3,7,0,0,3,0,2,2,1,2,0,0,423,131,210,81,356,92,188,76
498,2021711,50051,6,2,2,0,0,9,4,2,5,1,4,4,8,4,3,1,5,0,0,21,3,18,6,10,4,0,1,9,2,3,5,2,3,0,0,748,254,410,82,649,197,375,76
499,2021711,7889,18,10,8,1,1,11,0,1,2,7,8,1,3,1,1,1,18,1,0,12,7,5,3,6,3,1,1,5,0,5,0,5,3,0,0,426,137,222,66,352,95,199,58
500,2025053,50043,12,8,6,2,0,11,0,2,5,4,6,3,4,1,2,0,10,0,0,9,4,5,0,5,4,3,3,4,0,4,0,4,3,0,0,455,114,260,80,373,67,236,70
501,2025053,52758,5,1,1,0,0,12,0,2,8,2,4,7,6,3,1,1,5,2,0,14,4,10,4,9,1,0,0,6,1,5,1,4,3,0,0,792,216,502,74,711,168,475,68
502,2025054,50023,8,4,1,3,0,8,0,0,7,1,2,5,2,1,1,0,12,3,0,16,4,12,2,9,5,0,0,4,0,4,1,3,4,0,0,487,142,274,71,408,93,251,64
503,2025054,50124,3,1,1,0,0,5,0,1,3,1,1,4,1,1,0,0,13,2,0,14,2,12,5,4,5,2,0,6,0,5,2,4,5,0,0,671,209,387,74,598,173,357,68
504,2025055,50080,4,1,1,0,0,17,0,5,8,3,4,12,6,3,3,0,10,2,1,13,1,12,1,10,2,0,0,8,2,2,3,3,0,0,0,849,258,516,73,791,223,496,72
505,2025055,50062,8,3,1,1,0,14,0,2,8,4,5,8,8,4,2,3,12,2,0,11,1,10,3,3,5,2,0,1,0,0,1,0,0,0,0,339,105,177,57,271,57,159,55
506,2025056,50138,15,8,6,2,0,13,0,2,5,6,5,8,7,3,3,1,12,2,0,19,3,16,5,8,6,0,0,8,1,5,1,6,5,0,0,532,174,277,81,440,120,252,68
507,2025056,1652,14,5,5,0,0,9,0,5,2,2,3,5,8,5,0,3,15,3,0,15,3,12,4,8,3,0,1,4,1,3,2,1,3,0,0,604,155,382,65,512,98,352,62
508,2025057,7889,8,7,4,3,0,14,1,5,5,4,3,10,5,2,3,0,14,1,0,12,1,11,3,6,3,0,0,13,0,9,5,8,0,1,1,600,171,344,85,532,125,326,81
509,2025057,52747,7,4,3,1,0,7,0,3,2,2,2,4,9,3,3,2,11,1,0,15,1,14,4,8,3,0,0,1,0,0,1,0,0,0,0,568,161,352,55,492,113,331,48
510,2025058,50069,20,8,6,2,0,6,0,3,1,2,2,4,14,7,4,3,8,2,0,15,1,14,2,3,9,2,2,8,2,6,2,4,6,0,0,376,115,180,80,294,68,155,71
511,2025058,50136,6,2,1,1,0,20,3,7,4,7,6,12,5,2,0,2,14,4,0,10,2,8,3,7,0,1,0,8,0,7,3,5,6,0,0,907,235,574,98,825,184,549,92
512,2025059,50067,9,6,6,0,0,13,0,5,4,4,5,8,7,3,2,2,12,3,1,15,0,15,2,7,6,1,2,7,0,5,3,4,5,0,0,443,125,246,72,358,80,212,66
513,2025059,53065,7,4,2,2,0,12,0,2,5,5,7,4,9,4,3,2,16,4,0,15,2,13,3,7,5,0,0,6,0,4,3,3,4,0,0,549,181,300,66,459,127,272,60
514,2025060,57388,20,6,4,2,0,9,0,1,5,3,4,5,8,3,5,0,13,2,0,15,0,15,2,5,8,2,0,7,0,5,4,3,0,0,0,395,131,191,72,298,66,164,67
515,2025060,50064,4,1,1,0,0,9,2,4,1,4,5,4,4,1,0,3,16,2,0,15,1,14,3,6,5,0,0,3,0,2,1,2,0,0,0,568,185,300,81,480,126,275,77
516,2025061,50143,18,6,5,1,0,15,1,3,7,5,4,8,2,0,0,2,13,3,0,14,1,13,2,10,2,0,1,13,2,11,4,7,11,0,0,730,249,435,46,628,200,393,35
517,2025061,50129,7,2,2,0,0,4,0,0,2,2,3,1,8,4,2,2,12,2,0,19,6,13,1,6,12,0,0,3,0,3,2,1,3,0,0,389,146,165,78,293,87,132,74
518,2025062,50147,9,4,4,0,0,14,0,4,6,4,7,5,8,3,1,2,9,2,0,11,2,9,3,4,4,1,0,5,0,5,1,4,3,0,0,573,195,308,69,495,143,289,63
519,2025062,50037,14,8,5,2,0,11,3,4,3,4,5,6,8,3,1,3,8,2,0,10,0,10,1,4,5,1,1,4,0,4,1,3,3,0,0,698,184,427,87,613,130,404,79
520,2025063,52707,12,4,3,1,0,13,0,3,5,5,4,8,11,6,3,1,9,3,0,13,0,13,4,6,3,3,3,5,2,1,1,2,1,0,0,616,171,378,67,544,124,357,63
521,2025063,2600431,11,5,4,1,0,17,0,4,6,7,10,6,8,6,1,0,10,1,0,11,2,9,3,5,3,1,1,9,0,8,3,6,8,0,0,366,94,195,76,287,64,159,64
522,2025064,52919,5,4,2,2,0,22,1,7,12,2,11,9,5,4,1,0,14,1,0,16,1,15,2,11,3,1,0,7,1,5,4,2,0,0,0,820,219,532,68,750,173,512,65
523,2025064,5312,4,3,1,2,0,9,1,1,3,4,2,5,9,3,6,0,12,2,0,15,1,14,2,6,7,0,0,1,0,1,0,1,0,0,0,399,132,194,73,317,79,170,68
524,2025065,50051,9,3,2,1,0,27,3,8,13,6,10,13,6,1,2,3,7,1,0,7,3,4,1,6,0,0,0,16,0,6,8,8,0,0,0,716,207,419,90,647,159,402,86
525,2025065,50137,8,2,0,2,0,12,0,4,6,2,4,6,15,6,4,5,4,2,0,9,1,8,1,6,2,3,0,11,0,8,6,5,0,0,0,483,164,255,63,403,110,230,63
526,2025066,64388,3,0,0,0,0,7,2,2,4,1,3,4,8,3,3,1,17,4,0,19,1,18,2,3,14,1,2,5,1,4,2,2,2,0,0,435,147,206,81,349,98,175,76
527,2025066,54266,13,6,6,0,0,14,0,5,6,3,3,8,3,2,1,0,16,5,0,16,0,16,3,8,5,0,1,6,0,6,2,4,1,0,0,557,175,300,82,464,122,268,74
528,2025067,50031,7,4,2,1,0,17,3,4,6,6,7,10,8,4,2,1,12,1,0,9,2,7,2,4,3,0,1,9,0,9,3,6,9,0,0,491,148,275,67,400,99,245,56
529,2025067,52682,7,1,1,0,0,13,0,2,4,6,8,4,10,5,4,1,7,1,0,13,2,11,2,8,3,0,0,7,0,7,4,3,7,0,0,628,211,345,71,544,163,317,64
530,2025068,52268,12,4,3,1,0,28,1,6,10,12,13,13,5,2,3,0,14,3,0,11,2,9,2,5,4,1,0,10,2,5,4,4,3,0,0,584,163,360,60,519,120,345,54
531,2025068,50139,7,7,4,3,0,7,3,3,2,2,6,1,18,4,8,4,10,3,1,14,2,12,1,4,9,2,2,2,0,2,0,2,2,0,0,496,148,266,82,427,105,250,72
532,2025069,50037,9,5,3,2,0,15,1,3,9,3,10,5,9,6,2,1,12,3,0,19,1,18,4,13,2,2,3,9,0,9,2,7,9,0,0,661,175,387,97,555,114,358,83
533,2025069,50143,9,5,4,1,0,14,2,6,5,3,7,6,6,4,0,2,17,2,0,13,0,13,3,5,5,2,2,2,0,2,0,2,2,0,0,481,171,252,58,392,117,223,52
534,2025070,50129,7,4,1,3,0,13,1,4,4,5,7,4,5,2,2,0,13,2,0,9,0,9,1,4,4,2,2,8,4,4,1,3,4,0,0,687,179,429,78,599,128,405,66
535,2025070,50147,4,1,1,0,0,8,0,3,3,2,4,4,9,2,2,3,9,4,1,19,6,13,1,7,11,1,2,4,0,4,0,4,4,0,0,421,119,231,71,338,71,204,63
536,2025071,5312,4,4,4,0,0,20,2,5,7,8,10,9,7,4,0,2,11,1,0,17,1,16,2,15,0,1,0,3,0,2,3,0,1,0,0,621,168,390,61,544,119,368,57
537,2025071,52707,18,8,5,3,0,14,1,5,6,2,3,11,13,5,6,2,16,0,0,18,7,11,2,9,7,0,0,4,0,4,2,2,1,0,0,622,216,344,62,555,172,323,60
538,2025072,2600431,5,3,1,2,0,4,0,1,2,1,2,2,7,1,3,3,12,1,0,18,1,17,3,11,4,0,0,1,0,1,0,1,1,0,0,427,140,235,51,352,84,220,48
539,2025072,52919,8,2,1,1,0,13,2,4,6,3,6,6,2,1,1,0,16,4,0,13,1,12,0,11,2,2,1,8,0,6,4,4,4,0,0,758,210,484,63,679,159,463,57
540,2025073,54266,11,5,4,1,0,7,0,2,2,3,2,3,9,5,1,0,13,4,1,8,2,6,0,1,7,1,1,4,1,2,1,2,0,0,0,392,139,197,55,314,103,160,51
541,2025073,50051,5,2,1,1,0,26,0,3,15,5,8,16,5,2,1,1,6,0,0,14,0,14,2,9,3,1,2,6,1,4,0,5,3,0,0,900,256,526,118,815,204,498,113
542,2025074,50137,3,2,2,0,0,17,2,8,4,4,10,6,5,1,3,1,12,1,0,10,3,7,5,4,1,0,1,11,1,9,4,6,9,0,0,815,219,520,76,733,176,491,66
543,2025074,64388,10,6,4,2,0,7,0,1,2,4,3,4,12,6,3,2,7,1,0,16,4,12,2,8,6,0,0,1,0,1,1,0,1,0,0,465,129,251,85,403,87,239,77
544,2025075,50139,6,3,2,1,0,13,2,4,3,5,8,5,2,1,0,1,8,0,0,14,0,14,3,9,2,3,1,3,0,3,1,2,1,0,0,740,201,455,83,659,150,434,75
545,2025075,50031,13,5,4,1,0,6,0,1,4,1,2,3,10,3,5,1,14,4,1,13,5,8,2,4,6,0,1,2,0,2,0,2,0,0,0,500,135,302,62,439,101,279,59
546,2025076,52682,14,8,7,1,0,19,0,4,5,9,11,7,3,1,1,1,16,1,0,15,0,15,3,10,2,0,0,11,0,10,3,8,10,0,0,593,201,320,71,480,143,279,58
547,2025076,52268,12,5,4,1,0,8,0,1,5,2,1,6,13,4,6,3,15,6,0,20,4,16,4,10,6,0,0,1,0,1,0,1,1,0,0,553,180,317,55,451,116,289,46
548,2025077,50124,4,0,0,0,0,13,1,3,9,1,7,4,2,1,1,0,7,2,0,7,1,6,2,2,3,0,0,6,1,6,2,3,2,0,0,758,253,432,73,699,217,413,69
549,2025077,50043,8,3,3,0,0,5,0,0,3,2,3,2,4,2,2,0,7,2,0,11,4,7,3,4,4,1,1,4,2,3,0,2,1,0,0,543,149,331,63,471,95,318,58
550,2025078,52758,7,4,2,2,0,11,3,3,6,1,4,6,6,4,2,0,8,0,0,10,2,8,3,5,2,1,1,3,0,3,1,2,2,0,0,755,235,458,61,642,156,428,58
551,2025078,50023,8,3,2,1,0,10,0,5,4,1,4,6,4,0,2,2,8,0,0,12,2,10,4,5,4,1,1,1,0,1,1,0,1,0,0,566,197,284,86,457,125,256,78
552,2025079,1652,6,5,3,2,0,7,0,3,1,3,3,4,6,1,4,1,18,5,0,13,3,10,3,7,3,0,1,3,0,3,0,3,0,0,0,546,164,308,74,465,109,289,67
553,2025079,50080,6,5,5,0,0,11,0,3,3,3,5,6,7,5,2,0,10,2,0,25,7,18,6,13,6,0,0,1,0,0,1,0,0,0,0,768,242,447,77,707,199,435,73
554,2025080,50062,12,6,4,1,0,13,1,2,6,4,7,5,14,2,10,0,12,0,0,14,1,13,2,9,4,3,0,5,0,4,3,2,0,0,0,480,113,304,64,425,77,285,64
555,2025080,50138,7,2,1,0,0,22,3,6,8,8,9,10,7,3,3,1,13,3,0,13,1,12,0,9,4,1,0,6,1,4,1,4,0,0,0,648,183,377,87,584,141,359,84
556,2025081,50136,17,7,7,0,0,15,0,3,8,3,4,10,1,0,1,0,12,1,0,10,1,9,4,3,2,0,2,5,0,4,2,3,4,0,0,760,211,446,102,666,166,418,82
557,2025081,7889,6,2,2,0,0,4,0,0,3,1,1,3,6,3,3,0,9,1,0,19,5,14,1,15,3,0,0,1,0,1,0,1,1,0,0,598,151,360,86,515,104,332,79
558,2025082,52747,13,9,7,1,0,27,3,11,12,4,12,15,2,2,0,0,10,0,0,17,1,16,9,5,3,1,0,13,3,8,3,6,1,0,0,838,317,454,66,750,263,423,64
559,2025082,50069,15,4,3,1,0,4,0,2,2,0,0,4,15,7,5,2,16,2,0,15,3,12,2,6,7,0,0,0,0,0,0,0,0,0,0,323,122,152,49,247,74,127,46
560,2025083,50064,4,2,1,1,0,16,1,4,8,4,7,7,5,1,1,2,19,3,0,24,4,20,8,11,5,0,1,6,1,5,1,4,3,0,0,475,139,257,79,398,100,229,69
561,2025083,50067,9,6,4,2,0,11,2,3,6,2,5,5,8,2,6,0,20,4,0,23,3,20,1,5,17,2,3,5,0,5,2,3,4,0,0,374,108,176,89,297,70,147,80
562,2025084,53065,18,5,4,1,0,13,0,1,5,7,6,6,7,0,7,0,15,3,0,13,1,12,0,8,5,0,1,3,2,1,0,1,1,0,0,537,211,251,75,451,160,222,69
563,2025084,57388,12,7,7,0,0,13,1,3,7,3,5,6,8,2,5,1,11,2,0,15,0,15,2,7,6,4,2,4,0,4,0,4,3,0,0,548,166,300,81,448,105,270,73
564,2025085,50129,6,5,3,2,0,6,0,1,5,0,1,5,9,1,6,1,10,0,0,8,0,8,1,3,4,2,1,1,0,0,1,0,0,0,0,425,176,181,67,334,116,156,62
565,2025085,50037,6,3,2,1,0,16,1,5,7,4,8,7,1,1,0,0,7,0,0,10,0,10,1,6,3,1,0,10,4,6,3,3,4,0,0,800,211,506,82,704,151,473,80
566,2025086,50143,11,6,5,1,0,16,2,8,4,4,3,10,7,4,3,0,20,3,0,19,0,19,5,13,2,1,0,3,2,1,1,0,1,0,0,620,191,361,69,541,148,330,64
567,2025086,50147,3,0,0,0,0,14,0,3,7,4,5,8,12,3,6,2,20,4,0,23,3,20,2,6,14,0,0,2,0,1,0,2,0,0,0,503,169,260,74,412,120,223,69
568,2025087,2600431,5,2,1,0,1,23,2,6,10,7,10,12,6,3,3,0,15,1,0,7,2,5,1,6,0,1,1,4,0,3,1,3,3,0,0,600,142,391,67,514,99,364,51
569,2025087,5312,5,3,2,1,0,9,0,2,3,3,4,5,13,2,10,1,5,1,0,19,4,15,1,15,3,1,1,2,0,1,2,0,1,0,0,533,173,289,70,447,119,264,64
570,2025088,52707,7,3,2,1,0,14,1,2,6,6,8,5,9,3,4,2,5,1,0,19,3,16,5,8,6,3,3,5,0,5,3,2,5,0,0,591,175,345,72,487,110,312,66
571,2025088,52919,6,3,2,1,0,21,4,2,10,5,8,13,7,4,2,0,15,1,0,6,0,6,1,3,2,1,1,5,1,1,3,1,0,0,0,636,155,419,62,551,107,388,56
572,2025089,50137,4,2,2,0,0,17,1,10,6,1,6,10,9,2,3,4,6,0,0,15,3,12,1,9,5,1,0,5,0,4,1,4,2,0,0,617,166,378,73,532,116,349,68
573,2025089,54266,6,3,2,1,0,13,0,4,4,5,4,8,11,4,4,3,12,2,0,8,2,6,0,5,3,0,1,10,2,6,4,4,5,0,0,542,164,298,79,472,121,278,73
574,2025090,50051,9,4,1,3,0,17,2,5,9,2,12,5,2,1,1,0,12,3,0,10,0,10,5,3,2,1,1,12,1,8,3,8,8,0,0,843,284,489,69,778,254,467,57
575,2025090,64388,5,1,0,1,0,9,3,1,7,1,3,5,7,4,3,0,10,1,0,14,2,12,2,8,4,0,0,2,0,2,2,0,2,0,0,408,124,211,73,348,89,189,70
576,2025091,52682,8,2,2,0,0,7,0,3,0,3,4,3,6,0,2,1,16,1,0,16,0,16,4,5,7,4,5,2,0,2,0,2,2,0,0,492,166,261,65,424,126,240,58
577,2025091,50139,15,7,5,2,0,11,0,4,5,2,1,8,6,2,4,0,14,2,0,19,3,16,4,11,4,0,0,6,0,6,3,3,5,0,0,736,211,460,64,666,161,445,60
578,2025092,50031,6,2,2,0,0,16,1,5,7,4,5,10,2,1,1,0,19,1,0,25,8,17,2,11,12,1,0,6,0,3,2,4,1,0,0,521,177,254,89,432,119,228,85
579,2025092,52268,11,2,2,0,0,7,0,1,5,1,1,6,9,2,4,2,18,2,0,23,4,19,5,11,7,0,0,1,0,1,1,0,0,0,0,599,181,340,77,500,117,310,73
580,2025093,52758,4,3,2,1,0,7,0,1,3,3,4,3,7,4,2,1,9,2,0,15,2,13,1,13,1,0,0,4,0,4,1,3,0,0,0,633,234,336,61,543,166,317,60
581,2025093,50124,10,7,6,1,0,12,0,2,4,5,5,7,4,1,3,0,13,5,0,9,0,9,1,4,4,1,0,5,0,4,1,4,1,0,0,661,229,355,77,567,161,332,74
582,2025094,50043,6,4,1,3,0,14,3,4,8,2,5,9,5,0,5,0,13,3,0,12,2,10,3,4,5,3,2,3,0,2,0,2,1,0,0,655,164,422,69,538,104,373,61
583,2025094,50023,8,2,2,1,0,8,1,1,5,2,2,5,6,1,5,0,8,3,0,19,5,14,0,7,12,2,2,2,0,2,2,0,2,0,0,467,141,257,70,373,81,228,64
584,2025095,50062,8,3,2,1,0,8,0,1,6,1,3,5,14,7,5,1,10,3,0,17,2,15,0,9,8,2,0,1,0,1,1,0,0,0,0,371,127,173,70,294,69,158,67
585,2025095,1652,5,2,1,1,0,22,0,7,6,7,10,12,2,0,1,1,15,1,1,13,3,10,3,7,3,2,0,6,0,6,0,6,0,0,0,782,233,465,84,706,176,447,83
586,2025096,50080,10,6,5,1,0,19,1,9,3,6,8,9,5,1,2,2,11,1,0,22,0,22,8,9,5,0,0,9,1,4,5,3,2,0,0,848,299,471,78,777,254,451,72
587,2025096,50138,7,3,1,2,0,10,0,3,5,2,3,5,16,6,3,4,22,3,0,15,1,14,5,6,4,0,0,3,0,3,1,2,1,0,0,458,165,235,57,397,123,221,53
588,2025097,52747,17,7,5,2,0,15,2,5,5,5,7,7,4,2,2,0,10,2,0,17,2,15,6,10,1,1,1,6,0,6,3,3,6,0,0,706,230,422,54,607,173,394,40
589,2025097,50136,24,10,6,3,0,12,1,3,7,1,3,8,10,4,4,2,14,5,0,14,4,10,2,5,7,0,0,2,1,1,0,1,1,0,0,633,197,354,82,569,156,337,76
590,2025098,7889,12,6,4,1,0,18,5,7,8,3,8,10,0,0,0,0,10,0,0,21,2,19,6,11,4,3,3,4,0,4,2,2,3,0,0,797,245,479,71,678,167,446,65
591,2025098,50069,16,5,5,0,0,3,0,0,3,0,0,2,10,5,3,0,20,5,0,14,4,10,1,8,5,1,2,1,0,1,1,0,1,0,0,484,186,238,59,373,110,209,54
592,2025099,53065,23,11,8,3,0,11,4,4,3,4,6,4,3,2,1,0,14,3,1,16,2,14,2,3,11,2,2,3,0,2,3,0,2,0,0,455,176,213,66,379,126,191,62
593,2025099,50064,6,2,2,0,0,8,0,2,5,1,1,7,8,3,4,0,15,2,0,15,1,14,4,5,6,1,1,2,0,2,1,1,2,0,0,697,205,409,81,604,148,381,75
594,2025100,50067,10,2,2,0,0,9,0,3,6,0,1,6,14,6,5,3,11,3,0,17,2,15,1,12,4,1,1,6,0,4,2,4,4,0,0,597,174,349,74,513,120,327,66
595,2025100,57388,7,0,0,0,0,17,4,6,3,8,9,8,3,1,1,1,15,1,0,13,2,11,4,5,4,0,0,6,0,6,3,3,6,0,0,450,122,276,52,354,67,244,43
596,2025101,50124,8,4,2,2,0,13,1,5,4,3,4,9,2,0,1,1,8,1,0,7,0,7,2,1,4,1,1,7,0,6,5,2,6,0,0,421,157,208,55,337,109,178,50
597,2025101,52758,3,1,1,0,0,4,1,0,2,2,2,1,9,2,3,2,7,3,0,10,1,9,4,5,1,0,0,4,2,1,2,0,1,0,0,862,265,529,67,779,211,505,63
598,2025102,50023,5,2,2,0,0,15,1,6,6,3,5,10,3,2,1,0,16,1,0,14,1,13,5,9,0,1,0,6,1,3,3,2,0,0,0,740,181,471,88,681,151,449,81
599,2025102,50043,7,6,4,2,0,3,0,2,0,1,0,3,9,7,2,0,13,0,0,15,0,15,6,8,1,0,0,1,0,1,0,1,0,0,0,436,129,242,65,377,94,225,59
600,2025103,1652,5,3,2,1,0,27,0,7,7,13,19,7,6,0,2,3,14,2,0,18,1,17,5,10,3,0,0,16,3,11,5,8,11,0,0,731,221,424,85,608,151,389,68
601,2025103,50062,7,4,1,2,0,7,0,3,1,3,3,3,20,7,10,2,16,2,0,14,0,14,0,4,10,5,4,6,0,5,0,6,5,0,0,305,120,121,64,196,57,84,55
602,2025104,50138,10,3,0,3,0,10,2,0,7,3,5,4,14,6,7,1,11,2,0,9,0,9,3,3,3,1,1,3,0,1,2,1,1,0,0,479,138,272,69,388,94,234,60
603,2025104,50080,3,1,0,0,1,26,2,7,12,7,11,14,3,1,0,2,9,1,0,13,2,11,2,4,7,0,0,10,1,7,2,7,7,0,0,842,279,476,85,755,222,456,77
604,2025105,50136,15,6,5,1,0,19,2,4,8,7,5,12,6,2,2,1,13,1,0,14,0,14,4,8,2,0,0,8,1,5,4,3,4,0,0,569,187,287,94,500,147,267,86
605,2025105,52747,13,3,2,1,0,8,1,2,2,4,3,4,11,1,1,6,15,4,0,14,1,13,5,6,3,1,1,4,3,1,1,0,0,0,0,718,223,441,54,645,177,416,52
606,2025106,50069,14,7,3,2,2,8,0,2,3,3,4,4,12,5,4,2,8,1,0,13,4,9,3,6,4,0,0,5,1,2,0,5,2,0,0,329,114,153,63,255,71,130,55
607,2025106,7889,2,0,0,0,0,22,1,3,9,9,9,13,5,4,0,1,9,1,0,8,0,8,1,5,2,0,0,9,0,7,2,6,4,1,0,739,183,466,89,660,138,442,80
608,2025107,50064,5,3,2,0,0,10,0,4,3,2,3,7,8,3,4,1,17,3,0,16,1,15,2,8,6,0,0,4,0,4,1,3,3,0,0,560,186,303,71,484,138,281,65
609,2025107,53065,11,5,3,1,0,15,0,2,7,6,7,6,6,3,3,0,14,1,0,19,2,17,4,9,6,2,1,10,1,8,4,5,4,1,1,483,184,229,69,413,141,213,59
610,2025108,57388,9,5,4,1,0,10,2,3,5,1,4,4,4,1,3,0,14,2,0,18,2,16,0,10,8,1,1,2,0,2,0,2,2,0,0,524,137,318,69,450,91,297,62
611,2025108,50067,7,2,1,1,0,8,1,1,4,3,2,5,4,1,2,1,16,3,0,21,6,15,4,13,4,0,2,1,0,0,1,0,0,0,0,670,158,437,73,592,104,417,70
612,2025109,50037,10,4,4,0,0,17,3,6,4,7,11,4,2,0,1,0,13,0,0,13,0,13,2,6,5,2,2,11,0,8,3,8,8,0,0,702,187,420,94,593,140,376,77
613,2025109,50129,9,5,4,0,1,2,0,0,1,1,2,0,13,2,4,7,14,3,0,19,6,13,2,7,10,0,0,1,1,0,0,0,0,0,0,458,159,231,68,379,103,210,66
614,2025110,50147,5,2,2,0,0,10,1,7,2,1,3,5,5,1,2,2,18,3,0,16,2,14,5,5,6,2,2,2,0,2,0,2,2,0,0,475,186,229,60,355,115,190,50
615,2025110,50143,15,5,5,0,0,9,1,3,4,2,3,5,8,3,2,0,14,4,0,19,1,18,5,8,6,1,2,2,1,1,1,0,1,0,0,614,224,322,68,499,150,287,62
616,2025111,5312,11,3,2,1,0,27,0,10,7,9,16,10,9,1,3,4,7,2,0,18,3,15,5,9,4,3,3,6,1,3,2,3,3,0,0,616,221,328,66,511,153,301,57
617,2025111,2600431,6,2,1,1,0,15,1,5,6,4,7,6,19,6,9,2,15,6,1,10,3,7,2,6,2,3,3,9,0,9,2,7,9,0,0,564,183,298,82,456,115,268,73
618,2025112,52919,5,2,0,1,0,9,1,2,3,4,5,4,4,0,3,1,15,0,0,3,0,3,2,1,0,0,0,4,2,0,2,0,0,0,0,806,224,505,77,759,193,490,76
619,2025112,52707,8,4,3,0,0,8,0,2,4,2,1,6,6,2,3,1,5,0,0,19,4,15,5,10,4,0,0,2,0,0,2,0,0,0,0,531,181,293,56,472,142,275,55
620,2025113,54266,19,5,3,1,0,11,2,5,3,3,4,6,6,0,0,0,14,2,1,17,1,16,3,6,8,1,1,4,0,2,3,1,2,0,0,555,189,279,86,477,140,255,81
621,2025113,50137,4,2,0,2,0,15,1,4,9,2,5,8,8,0,0,0,16,0,0,15,0,15,2,7,6,2,2,3,0,2,1,2,2,0,0,536,161,293,79,458,119,266,72
622,2025114,64388,7,6,4,2,0,12,0,3,4,5,6,6,3,1,0,2,11,0,0,19,6,13,2,6,11,2,0,4,2,1,2,0,0,0,0,471,151,252,67,405,113,229,63
623,2025114,50051,4,4,3,1,0,9,0,1,5,2,4,5,8,2,5,1,11,1,0,14,3,11,4,10,0,2,2,14,0,9,8,6,7,0,0,744,280,399,64,655,219,376,60
624,2025115,50139,8,2,0,1,1,20,2,2,8,8,8,10,6,1,2,2,15,2,0,17,0,17,5,7,5,2,4,6,0,5,1,5,4,0,0,592,167,352,72,519,123,335,60
625,2025115,52682,4,2,1,1,0,8,1,2,3,3,3,5,11,4,2,5,17,3,0,15,0,15,3,5,7,2,2,3,1,2,1,1,2,0,0,491,162,268,61,418,119,244,55
626,2025116,52268,9,3,1,2,0,7,0,2,3,1,2,2,3,0,1,2,14,3,0,30,4,26,4,17,9,4,3,2,0,2,2,0,2,0,0,570,179,335,56,472,114,304,54
627,2025116,50031,7,3,3,0,0,9,0,1,6,2,2,7,3,2,1,0,25,5,1,20,4,16,3,10,7,1,1,5,0,4,2,3,4,0,0,474,130,281,62,396,86,256,54
628,2025117,50129,8,3,3,0,0,5,0,2,2,1,2,3,6,3,1,1,18,5,1,13,2,11,1,2,10,0,2,3,1,2,1,1,1,0,0,388,107,194,87,333,68,182,83
629,2025117,50143,2,1,0,1,0,14,0,3,7,3,5,7,3,1,0,2,11,2,0,18,1,17,7,9,2,3,2,5,0,5,2,3,2,0,0,757,246,454,56,696,211,433,52
630,2025118,50037,12,4,1,3,0,9,1,5,3,1,2,5,2,2,0,0,12,2,0,9,1,8,3,4,2,3,1,4,1,3,0,3,3,0,0,774,207,487,79,688,151,461,76
631,2025118,50147,9,7,6,1,0,5,0,1,3,1,1,4,6,1,2,2,8,1,0,15,3,12,5,5,5,1,1,3,0,3,1,2,3,0,0,578,204,311,62,494,147,290,57
632,2025119,2600431,2,1,1,0,0,11,1,2,7,1,1,9,6,0,3,1,16,4,1,11,0,11,2,8,1,0,0,7,0,0,1,3,0,0,0,697,159,462,76,630,120,440,70
633,2025119,52707,9,4,4,0,0,9,2,5,1,1,3,5,3,1,2,0,11,5,0,22,4,18,5,10,7,0,1,3,0,0,2,1,0,0,0,521,172,304,44,464,138,284,42
634,2025120,5312,3,2,2,0,0,9,2,2,4,2,4,4,9,4,1,3,5,1,0,13,2,11,6,5,2,0,0,1,0,1,0,1,1,0,0,557,197,302,57,489,149,292,48
635,2025120,52919,4,1,1,0,0,12,0,4,3,5,6,5,4,3,1,0,11,2,0,6,1,5,1,4,1,1,1,7,1,5,4,3,5,0,0,771,235,490,47,699,197,460,43
636,2025121,50137,10,4,3,1,0,17,1,5,7,5,7,8,7,2,4,1,14,1,0,17,5,12,4,8,5,0,1,6,0,6,4,2,5,0,0,495,131,274,90,428,96,252,80
637,2025121,50051,2,1,0,1,0,9,1,4,3,2,5,4,10,4,4,1,11,2,0,14,0,14,7,5,2,1,0,5,1,4,2,2,3,0,0,694,211,390,93,626,174,369,83
638,2025122,54266,7,2,2,0,0,14,3,4,6,4,6,8,10,3,3,1,14,2,0,18,3,15,2,6,10,0,0,4,1,4,1,3,4,0,0,574,160,332,83,465,94,299,72
639,2025122,64388,4,1,1,0,0,15,0,5,5,5,8,7,8,1,5,0,15,3,0,15,1,14,3,7,5,0,0,9,2,5,4,3,5,0,0,514,155,267,91,395,85,228,82
640,2025123,52682,5,1,0,1,0,21,2,3,13,5,10,9,7,0,6,1,13,2,0,20,1,19,5,10,5,2,4,2,0,2,0,2,2,0,0,779,283,411,84,662,217,376,69
641,2025123,50031,8,2,1,1,0,11,0,0,5,6,6,5,8,3,4,1,19,2,0,21,7,14,1,3,17,0,0,4,0,4,2,2,4,0,0,431,146,209,76,339,95,176,68
642,2025124,50139,6,3,3,0,0,19,0,6,8,5,7,9,4,3,0,0,18,3,0,14,0,14,2,8,4,2,2,6,0,6,4,2,3,0,0,647,190,385,71,566,144,359,63
643,2025124,52268,11,7,3,4,0,6,0,1,2,3,4,2,11,2,7,1,14,5,0,19,1,18,3,12,4,1,2,3,0,3,3,0,2,0,0,534,183,292,59,448,127,267,54
644,2025125,52758,5,1,1,0,0,12,2,2,6,4,5,6,1,0,1,0,8,1,0,6,0,6,2,4,0,1,1,6,1,5,2,3,5,0,0,1106,326,711,69,1029,283,684,62
645,2025125,50043,12,7,3,4,0,5,0,0,4,1,1,4,6,4,1,1,5,1,0,8,1,7,1,4,3,1,1,1,0,1,0,1,1,0,0,430,178,187,64,361,130,169,62
646,2025126,50124,9,4,4,0,0,9,0,2,4,2,3,5,7,2,4,1,14,5,1,15,1,14,2,10,3,1,1,8,1,6,4,3,6,0,0,682,217,398,66,595,174,360,61
647,2025126,50023,10,4,2,2,0,12,1,3,6,3,4,7,4,0,3,1,14,2,0,17,4,13,1,14,2,3,3,5,1,2,4,0,2,0,0,550,145,338,67,457,86,311,60
648,2025127,50062,8,2,2,0,0,21,4,8,6,4,10,11,10,5,4,0,15,3,0,12,1,11,2,6,4,1,1,4,1,2,1,2,2,0,0,481,157,265,59,379,88,241,50
649,2025127,50080,7,1,1,0,0,19,1,4,8,7,9,10,13,5,3,4,11,2,0,16,1,15,3,8,5,0,0,5,2,3,1,2,3,0,0,771,260,443,67,685,203,417,65
650,2025128,1652,3,2,2,0,0,13,0,4,5,3,7,5,5,0,5,0,17,3,0,13,1,12,0,7,6,1,0,9,1,7,2,6,0,0,0,558,173,308,77,487,131,282,74
651,2025128,50138,6,2,2,0,0,9,0,2,4,3,4,5,7,3,3,1,12,2,0,18,0,18,5,8,5,0,0,6,0,6,3,3,0,0,0,527,146,293,87,447,102,262,83
652,2025129,52747,10,3,2,1,0,10,1,6,2,2,5,5,3,0,3,0,13,2,0,21,1,20,8,9,4,2,1,5,4,1,0,1,0,0,0,516,202,266,47,417,141,233,43
653,2025129,7889,5,3,2,1,0,6,0,0,3,3,4,2,8,1,4,3,20,6,0,18,4,14,0,10,8,2,2,5,0,4,3,2,4,0,0,632,187,373,71,532,116,353,63
654,2025130,50136,7,2,1,1,0,13,1,5,6,2,4,8,4,2,2,0,8,1,0,20,4,16,1,13,6,0,0,7,0,7,5,2,4,0,0,931,244,580,105,866,205,559,102
655,2025130,50069,14,4,2,2,0,10,0,3,6,1,2,6,7,2,3,2,16,3,0,9,1,8,2,5,2,0,1,3,1,2,1,1,2,0,0,539,169,311,59,467,129,284,54
656,2025131,53065,9,5,3,2,0,14,1,2,5,5,5,9,9,3,4,1,18,2,0,12,0,12,1,8,3,0,0,7,3,2,3,1,2,0,0,532,219,254,58,411,143,216,52
657,2025131,50067,3,1,1,0,0,11,0,2,2,7,8,3,7,3,2,0,12,1,0,24,0,24,2,19,3,2,2,6,0,5,5,1,5,0,0,686,206,419,60,566,128,382,56
658,2025132,50064,3,2,1,1,0,11,0,3,4,3,3,7,2,1,1,0,11,1,0,18,2,16,3,10,5,0,0,5,1,2,1,2,2,0,0,574,190,325,58,473,120,298,55
659,2025132,57388,2,1,1,0,0,3,0,1,1,1,1,2,6,1,1,1,16,2,0,13,2,11,1,6,6,0,0,1,0,0,0,0,0,0,0,407,154,201,52,303,88,167,48
660,2025133,50043,7,1,1,0,0,4,1,2,2,0,2,2,5,1,3,1,13,2,0,9,1,8,1,5,3,2,2,2,0,2,0,2,2,0,0,508,157,272,79,429,108,248,73
661,2025133,50124,4,1,0,1,0,9,0,3,4,2,2,6,2,1,1,0,8,3,0,14,0,14,4,7,3,1,3,8,2,4,4,2,4,0,0,659,217,368,74,566,162,338,66
662,2025134,50023,6,5,3,2,0,5,0,0,3,2,2,2,5,0,1,1,10,4,0,16,4,12,2,11,3,2,1,4,0,0,1,2,0,0,0,566,176,331,59,468,106,307,55
663,2025134,52758,4,3,2,1,0,11,2,2,6,3,3,6,2,1,1,0,12,2,0,12,2,10,3,7,2,0,0,6,1,1,0,2,1,0,0,867,324,474,68,769,255,451,63
664,2025135,50080,15,9,6,3,0,12,0,2,5,3,4,5,12,7,2,1,9,1,0,20,1,19,5,8,7,2,2,2,1,1,1,0,1,0,0,617,207,339,72,533,160,308,66
665,2025135,1652,18,5,4,1,0,15,4,5,3,7,6,8,5,0,4,1,19,1,0,13,4,9,3,8,1,1,2,5,1,4,2,2,4,0,0,627,206,350,70,550,155,328,67
666,2025136,50138,6,5,4,1,0,22,0,8,8,6,12,7,4,1,1,2,15,3,0,21,3,18,6,11,4,2,0,6,0,4,3,3,0,0,0,735,199,449,86,676,167,425,84
667,2025136,50062,5,3,3,0,0,5,0,4,1,0,3,1,14,3,4,4,17,4,0,16,1,15,2,2,11,0,1,2,0,2,0,2,1,0,0,429,122,224,82,365,94,197,74
668,2025137,7889,6,1,1,0,0,22,5,4,13,5,6,15,3,3,0,0,16,4,0,10,3,7,0,6,4,1,0,3,0,2,2,1,0,0,0,624,174,364,85,531,115,335,81
669,2025137,50136,9,2,2,0,0,8,2,3,5,0,1,6,10,4,5,1,6,1,0,21,3,18,5,13,3,0,0,3,0,3,1,2,0,0,0,658,214,346,97,577,155,327,95
670,2025138,50069,11,6,2,3,1,7,2,1,3,3,5,2,6,3,3,0,19,4,0,15,2,13,1,11,3,1,1,0,0,0,0,0,0,0,0,388,123,217,48,315,78,195,42
671,2025138,52747,7,4,4,0,0,11,1,5,5,1,4,6,4,2,2,0,12,2,0,25,6,19,9,13,3,0,0,3,1,2,1,1,2,0,0,794,251,476,65,719,201,461,57
672,2025139,50067,8,6,3,3,0,14,2,3,8,2,8,6,0,0,0,0,14,1,0,17,2,15,1,12,4,2,1,7,0,6,4,3,3,0,0,600,165,333,102,526,118,313,95
673,2025139,50064,4,1,1,0,0,1,0,0,1,0,0,1,5,2,1,1,16,1,0,16,2,14,2,8,6,0,0,4,0,4,1,3,3,0,0,400,113,222,63,310,67,186,57
674,2025140,57388,10,5,4,1,0,16,1,5,3,8,9,6,4,0,3,1,16,4,0,16,1,15,2,10,3,2,2,11,0,9,3,8,9,0,0,663,196,387,79,537,113,357,67
675,2025140,53065,12,2,1,1,0,9,1,2,5,2,3,5,13,5,6,1,14,3,0,19,3,16,5,6,8,1,1,2,0,2,0,2,1,0,0,519,224,239,56,395,131,210,54
676,2025141,50143,8,1,0,1,0,14,0,5,3,6,6,8,8,5,2,1,14,3,1,16,2,14,1,8,7,0,1,3,0,3,2,1,3,0,0,660,199,400,60,573,143,378,52
677,2025141,50037,6,0,0,0,0,11,4,5,3,3,4,7,11,5,6,0,15,2,1,14,1,13,1,8,5,0,0,3,0,3,3,0,3,0,0,573,188,313,72,469,125,277,67
678,2025142,50147,3,1,1,0,0,23,2,8,12,1,10,11,2,0,2,0,9,1,0,16,2,14,1,10,5,4,5,13,0,8,5,8,8,0,0,658,193,377,88,550,146,339,65
679,2025142,50129,8,2,2,0,0,5,1,0,3,2,3,2,9,3,5,1,14,3,1,9,0,9,4,5,0,0,0,6,0,6,3,3,6,0,0,444,140,236,67,342,76,204,61
680,2025143,52707,4,1,0,1,0,5,1,1,3,1,4,1,6,2,1,0,9,1,0,18,4,14,7,8,3,0,0,4,2,0,0,2,0,0,0,664,217,384,63,560,146,356,58
681,2025143,5312,12,10,3,6,1,15,2,5,8,2,3,11,2,0,1,0,12,2,0,10,0,10,1,4,5,0,0,5,1,0,0,3,0,0,0,591,177,352,61,502,123,320,59
682,2025144,52919,7,1,1,0,0,23,3,8,9,3,13,10,6,2,2,2,11,0,0,19,5,14,1,13,5,2,2,8,0,7,2,6,7,0,0,627,182,388,57,527,123,359,45
683,2025144,2600431,21,8,7,1,0,11,1,3,6,2,1,10,12,6,4,2,14,2,0,12,2,10,1,8,3,1,1,6,0,5,5,1,5,0,0,416,154,208,53,325,96,180,49
684,2025145,50051,6,2,1,1,0,18,1,7,2,8,6,10,5,2,1,1,10,1,0,16,1,15,8,7,1,0,0,8,1,6,3,4,0,0,0,762,238,436,88,692,192,414,86
685,2025145,54266,8,6,3,3,0,10,0,2,6,2,3,7,16,5,5,3,15,1,0,10,0,10,2,4,4,1,1,6,1,5,0,5,0,0,0,389,143,187,58,323,96,170,57
686,2025146,64388,13,6,2,4,0,11,0,2,6,3,3,7,7,1,4,2,14,1,0,19,2,17,1,9,9,2,1,4,2,2,1,1,1,0,0,410,160,189,61,341,113,174,54
687,2025146,50137,4,1,0,1,0,11,0,3,4,4,4,6,5,3,2,0,17,3,1,17,2,15,5,10,2,2,1,3,1,2,0,2,2,0,0,660,205,399,56,567,138,376,53
688,2025147,50031,8,3,2,1,0,7,0,1,4,2,3,3,10,3,7,0,20,3,0,10,2,8,2,5,3,0,0,4,0,4,0,4,4,0,0,493,144,274,75,433,112,253,68
689,2025147,50139,3,1,1,0,0,24,2,5,13,5,12,11,3,0,3,0,9,1,0,20,0,20,4,13,3,3,2,11,0,10,5,6,5,0,0,705,195,415,95,622,142,391,89
690,2025148,52268,10,7,5,2,0,10,0,2,5,3,6,4,5,1,4,0,6,1,0,25,1,24,4,14,7,0,1,5,1,4,2,2,4,0,0,575,166,343,65,485,109,318,58
691,2025148,52682,5,0,0,0,0,10,2,4,5,1,2,8,5,3,1,1,23,3,0,11,3,8,2,7,2,0,0,5,1,3,0,3,3,0,0,673,257,350,66,595,201,335,59
