,Match_ID,Team_ID,Shots,Shots_BigChance,Shots_OnTarget,Shots_OffTarget,Shots_Blocked,Shots_St,Shots_Med
0,2019282,52747,13,2,4,4,5,9,2
1,2019282,52280,10,0,2,3,5,6,2
2,2019283,59856,12,2,4,4,4,6,4
3,2019283,2603104,3,0,1,1,1,1,0
4,2019284,52723,8,0,1,4,3,3,4
5,2019284,50136,12,1,0,2,9,6,5
6,2019285,50147,13,1,5,4,4,6,7
7,2019285,50157,11,1,4,4,3,4,6
8,2019286,50080,8,1,2,3,3,4,4
9,2019286,50050,4,0,2,1,1,1,2
10,2019287,52919,18,3,7,8,3,7,9
11,2019287,52757,3,0,1,0,2,1,2
12,2019288,50037,14,1,3,7,4,5,7
13,2019288,64500,5,0,2,2,1,2,3
14,2019289,50062,12,2,4,6,2,6,5
15,2019289,50124,15,1,2,10,3,7,5
16,2019290,50109,16,2,7,6,3,5,11
17,2019290,54266,6,0,2,3,1,1,5
18,2019291,1652,14,2,4,2,8,7,7
19,2019291,50023,5,0,0,3,2,3,2
20,2019292,50051,13,0,3,6,3,4,8
21,2019292,50149,8,0,3,3,2,2,6
22,2019293,50146,7,0,2,2,3,0,6
23,2019293,52758,24,1,9,7,8,13,10
24,2019294,50043,11,2,2,5,3,3,7
25,2019294,53577,7,0,4,3,0,4,3
26,2019295,50064,9,0,1,4,4,4,4
27,2019295,52709,5,0,1,3,1,3,2
28,2019296,5312,19,1,7,10,2,3,14
29,2019296,50164,14,2,2,5,5,7,4
30,2019297,50139,16,1,4,9,2,6,10
31,2019297,52714,3,0,1,2,0,0,2
32,2019298,50023,5,0,0,3,2,1,4
33,2019298,50109,9,0,2,5,2,1,5
34,2019299,54266,8,0,2,4,2,1,6
35,2019299,1652,21,0,1,9,10,7,14
36,2019300,52758,17,0,9,3,5,4,13
37,2019300,50051,10,1,2,5,2,5,3
38,2019301,50149,13,2,3,5,4,7,5
39,2019301,50146,6,0,0,4,2,2,3
40,2019302,52709,14,2,7,2,5,6,7
41,2019302,50043,6,0,2,3,1,1,5
42,2019303,53577,5,0,2,0,3,2,3
43,2019303,50064,12,0,4,7,0,3,8
44,2019304,52714,17,4,5,8,4,8,8
45,2019304,5312,15,1,4,5,4,7,6
46,2019305,50164,4,0,0,3,0,1,2
47,2019305,50139,12,0,2,5,5,4,6
48,2019306,2603104,7,1,3,3,1,2,5
49,2019306,52747,14,1,4,8,2,3,11
50,2019307,52280,16,1,5,6,5,9,7
51,2019307,59856,7,0,3,3,1,3,3
52,2019308,50157,13,0,4,3,6,5,8
53,2019308,52723,11,1,3,6,2,2,9
54,2019309,50136,10,1,3,5,2,5,4
55,2019309,50147,5,0,1,2,2,1,3
56,2019310,52757,7,0,0,5,2,2,5
57,2019310,50080,9,2,6,3,0,1,8
58,2019311,50050,6,0,1,2,3,5,1
59,2019311,52919,18,0,6,7,5,9,7
60,2019312,50124,15,2,4,4,5,7,8
61,2019312,50037,13,1,4,6,3,9,4
62,2019313,64500,6,0,2,1,3,5,1
63,2019313,50062,7,3,2,2,2,3,4
64,2019314,54266,7,1,2,4,1,3,3
65,2019314,50023,14,2,5,3,6,7,6
66,2019315,50109,16,3,6,7,3,7,9
67,2019315,1652,5,3,1,1,2,1,3
68,2019316,50149,9,2,4,5,0,4,5
69,2019316,52758,8,0,1,4,2,6,2
70,2019317,50051,25,0,7,8,10,13,12
71,2019317,50146,11,1,4,6,0,3,8
72,2019318,53577,9,0,1,3,5,3,6
73,2019318,52709,9,1,4,1,4,6,3
74,2019319,50043,6,0,4,1,1,2,4
75,2019319,50064,18,1,6,6,6,8,9
76,2019320,50164,5,0,0,4,1,0,4
77,2019320,52714,11,2,4,4,2,5,6
78,2019321,5312,13,2,4,4,5,9,3
79,2019321,50139,13,1,4,3,6,4,6
80,2019322,52280,13,0,6,2,5,10,3
81,2019322,2603104,10,0,3,5,1,3,7
82,2019323,52747,10,2,3,4,2,2,8
83,2019323,59856,10,1,1,4,2,3,4
84,2019324,50136,16,3,7,6,3,6,9
85,2019324,50157,5,0,0,4,1,1,3
86,2019325,52723,16,3,6,8,2,5,9
87,2019325,50147,10,0,3,4,3,3,7
88,2019326,50050,9,0,1,4,4,6,3
89,2019326,52757,11,0,4,5,2,2,9
90,2019327,50080,8,2,4,3,1,5,3
91,2019327,52919,10,3,5,4,1,0,8
92,2019328,64500,3,0,3,0,0,1,2
93,2019328,50124,14,4,5,7,2,6,7
94,2019329,50037,22,5,9,9,4,9,12
95,2019329,50062,6,2,3,2,1,2,4
96,2019330,2603104,6,1,2,1,3,1,3
97,2019330,52280,8,0,1,5,2,4,2
98,2019331,59856,8,1,1,5,2,2,6
99,2019331,52747,15,4,6,7,2,5,7
100,2019332,50157,6,1,1,1,3,2,4
101,2019332,50136,13,1,4,6,3,4,7
102,2019333,50147,15,2,3,9,2,8,7
103,2019333,52723,9,1,2,5,2,5,3
104,2019334,52757,17,3,4,8,4,6,8
105,2019334,50050,9,2,1,3,4,2,6
106,2019335,52919,10,1,1,5,3,3,7
107,2019335,50080,7,1,1,2,3,5,2
108,2019336,50124,31,1,6,10,15,17,13
109,2019336,64500,5,0,3,2,0,0,4
110,2019337,50062,3,0,1,2,0,1,2
111,2019337,50037,21,2,7,10,1,7,14
112,2019338,50023,17,1,4,7,5,10,7
113,2019338,54266,6,0,3,2,1,2,4
114,2019339,1652,9,0,2,6,0,1,8
115,2019339,50109,10,1,1,2,7,6,2
116,2019340,52758,9,2,4,4,0,2,6
117,2019340,50149,10,1,2,6,2,3,7
118,2019341,50146,7,0,1,5,1,2,5
119,2019341,50051,25,0,8,9,7,8,13
120,2019342,52709,20,2,2,10,8,7,12
121,2019342,53577,10,0,1,2,7,4,4
122,2019343,50064,19,1,5,9,4,10,8
123,2019343,50043,11,0,4,2,5,5,4
124,2019344,52714,26,2,8,10,8,7,17
125,2019344,50164,3,0,1,1,1,2,1
126,2019345,50139,9,1,1,5,2,2,5
127,2019345,5312,11,0,2,6,3,3,6
128,2019346,54266,12,1,4,4,4,5,6
129,2019346,50109,7,1,3,2,1,4,3
130,2019347,50023,15,2,9,5,1,5,10
131,2019347,1652,6,0,1,3,2,1,4
132,2019348,50149,9,0,1,4,4,3,6
133,2019348,50051,9,0,0,5,4,4,5
134,2019349,52758,10,3,2,4,3,5,5
135,2019349,50146,7,1,3,2,1,4,2
136,2019350,53577,11,1,7,2,2,6,5
137,2019350,50043,7,0,2,4,1,2,5
138,2019351,52709,8,0,1,2,5,6,2
139,2019351,50064,16,2,5,7,4,8,8
140,2019352,50164,8,0,3,5,0,2,6
141,2019352,5312,16,1,7,5,3,6,8
142,2019353,52714,5,0,0,5,0,0,4
143,2019353,50139,9,0,2,4,3,4,5
144,2019354,52280,4,0,0,2,2,0,4
145,2019354,52747,14,1,2,5,6,6,7
146,2019355,2603104,5,0,0,2,3,3,2
147,2019355,59856,11,1,5,3,3,4,7
148,2019356,50136,17,0,5,7,5,4,12
149,2019356,52723,7,0,0,5,2,2,5
150,2019357,50157,7,1,2,3,2,2,5
151,2019357,50147,12,3,1,6,1,3,9
152,2019358,50050,7,1,3,1,3,5,2
153,2019358,50080,7,1,2,3,1,4,3
154,2019359,52757,11,1,4,3,4,5,5
155,2019359,52919,10,1,6,3,1,4,5
156,2019360,64500,4,2,1,0,3,3,1
157,2019360,50037,21,2,8,5,8,10,10
158,2019361,50124,9,2,2,4,3,3,6
159,2019361,50062,4,0,2,1,1,1,3
160,2019362,52747,24,0,4,5,13,17,7
161,2019362,2603104,3,0,0,2,1,2,1
162,2019363,59856,14,0,3,7,4,5,7
163,2019363,52280,8,0,3,1,3,3,4
164,2019364,52723,11,1,7,2,1,3,8
165,2019364,50157,6,0,0,2,4,4,2
166,2019365,50147,12,2,2,7,3,3,7
167,2019365,50136,12,2,5,3,4,2,9
168,2019366,50080,10,1,4,4,2,4,6
169,2019366,52757,1,0,0,0,1,1,0
170,2019367,52919,9,0,1,3,5,5,4
171,2019367,50050,15,2,5,6,4,6,9
172,2019368,50037,13,1,3,5,5,6,7
173,2019368,50124,5,1,3,2,0,2,3
174,2019369,50062,17,0,4,8,5,4,9
175,2019369,64500,6,0,3,3,0,2,4
176,2019370,50109,10,4,4,4,1,4,5
177,2019370,50023,12,1,0,8,3,5,6
178,2019371,1652,21,4,10,9,2,9,12
179,2019371,54266,5,0,2,2,1,3,0
180,2019372,50051,13,4,6,3,3,4,8
181,2019372,52758,10,0,5,3,2,3,6
182,2019373,50146,9,2,3,5,1,5,4
183,2019373,50149,19,1,5,9,5,8,11
184,2019374,50043,8,0,4,1,3,4,4
185,2019374,52709,6,0,4,1,1,1,5
186,2019375,50064,13,2,3,6,4,3,10
187,2019375,53577,6,1,0,2,3,0,5
188,2019376,5312,24,1,5,11,6,11,13
189,2019376,52714,2,1,0,1,0,1,1
190,2019377,50139,15,0,7,6,2,5,8
191,2019377,50164,3,0,2,0,1,1,2
192,2019613,52919,3,0,1,0,2,3,0
193,2019613,50023,12,3,3,7,2,3,8
194,2019614,50051,17,3,2,11,3,5,9
195,2019614,50136,7,1,1,4,2,1,6
196,2019615,52747,12,0,6,2,4,9,3
197,2019615,50080,6,2,1,3,1,3,3
198,2019616,52714,20,1,6,8,4,9,9
199,2019616,53577,7,0,2,2,3,2,5
200,2019617,50147,3,0,0,1,2,2,1
201,2019617,52758,14,3,4,7,3,7,7
202,2019618,50037,19,2,6,6,7,12,6
203,2019618,52280,7,3,4,2,1,5,2
204,2019619,50064,3,0,0,3,0,1,2
205,2019619,50139,16,0,2,10,3,5,9
206,2019620,50109,13,1,2,3,8,6,6
207,2019620,50124,6,3,3,1,1,4,2
208,2019621,50080,12,2,2,5,5,4,8
209,2019621,52747,6,3,2,2,1,1,4
210,2019622,53577,11,1,2,4,5,6,5
211,2019622,52714,13,1,5,5,2,6,7
212,2019623,50023,5,1,1,1,3,4,1
213,2019623,52919,5,1,2,2,1,1,4
214,2019624,50136,12,0,3,7,1,5,7
215,2019624,50051,11,2,3,3,4,6,5
216,2019625,50139,14,0,2,8,4,8,6
217,2019625,50064,9,1,2,4,3,3,5
218,2019626,50124,13,2,4,5,4,5,7
219,2019626,50109,18,0,7,7,4,7,9
220,2019627,52758,9,2,2,6,0,3,5
221,2019627,50147,5,0,2,1,2,3,1
222,2019628,52280,8,0,2,5,0,3,5
223,2019628,50037,11,2,2,5,3,4,5
224,2019629,50124,14,0,3,7,3,4,9
225,2019629,53577,6,0,0,3,3,2,2
226,2019630,52758,13,1,2,7,4,5,6
227,2019630,50023,5,2,0,4,1,3,2
228,2019631,50037,10,1,2,5,3,5,5
229,2019631,50051,20,2,10,6,4,9,10
230,2019632,50139,11,1,5,4,2,3,7
231,2019632,50080,15,1,3,8,4,7,8
232,2019633,50051,22,2,8,9,5,8,13
233,2019633,50037,18,3,1,9,8,9,9
234,2019634,50080,17,1,1,12,4,7,10
235,2019634,50139,12,1,4,5,3,6,6
236,2019635,53577,20,0,3,8,9,10,9
237,2019635,50124,5,0,2,3,0,0,4
238,2019636,50023,12,2,6,5,1,5,6
239,2019636,52758,11,0,6,2,2,4,7
240,2019637,50023,14,1,6,3,5,10,3
241,2019637,50139,8,0,3,3,2,2,4
242,2019638,50051,13,1,5,6,2,6,6
243,2019638,50124,4,0,1,3,0,1,3
244,2019639,50124,15,1,5,7,3,6,6
245,2019639,50051,18,0,5,7,6,8,10
246,2019640,50139,13,4,4,4,5,7,6
247,2019640,50023,10,0,1,5,4,4,5
248,2019641,50139,10,0,3,3,4,5,5
249,2019641,50051,14,0,1,6,7,6,8
250,2021587,50147,23,1,5,12,5,9,13
251,2021587,54266,13,0,5,5,3,3,8
252,2021588,52682,15,4,4,6,4,7,5
253,2021588,59856,8,0,2,5,1,2,6
254,2021589,50037,26,1,8,13,5,10,14
255,2021589,50074,5,2,1,2,1,2,3
256,2021590,50050,7,0,4,1,2,4,3
257,2021590,52747,6,1,2,3,1,0,5
258,2021591,52914,13,0,2,3,7,7,4
259,2021591,60609,7,0,2,3,2,1,5
260,2021592,50137,10,0,1,6,3,5,5
261,2021592,50124,20,4,9,5,4,8,12
262,2021593,50080,6,4,2,2,1,2,3
263,2021593,50139,13,3,7,2,4,4,8
264,2021594,2610,11,1,2,5,4,2,8
265,2021594,50149,8,6,3,1,1,5,3
266,2021595,57490,26,0,5,12,8,10,14
267,2021595,50068,18,2,3,11,4,5,12
268,2021596,7889,22,1,5,10,6,6,14
269,2021596,52714,5,1,0,3,2,2,2
270,2021597,52749,8,0,1,2,5,5,3
271,2021597,52919,9,0,4,1,4,2,6
272,2021598,52707,9,1,3,2,3,2,7
273,2021598,50136,15,2,6,6,3,5,9
274,2021599,2603790,5,2,1,2,2,3,1
275,2021599,50023,7,1,1,3,3,5,2
276,2021600,50064,18,1,5,6,6,12,6
277,2021600,50157,9,0,1,6,2,3,6
278,2021601,50051,24,3,3,12,8,13,10
279,2021601,50118,4,0,1,2,1,1,2
280,2021602,1652,10,0,1,6,3,4,6
281,2021602,52758,8,0,1,3,4,5,3
282,2021603,52714,23,2,7,9,6,10,12
283,2021603,57490,10,0,1,6,3,4,6
284,2021604,50068,3,0,1,1,1,1,2
285,2021604,7889,16,1,6,5,4,10,6
286,2021605,50136,8,1,1,6,1,0,8
287,2021605,52749,6,1,5,1,0,0,4
288,2021606,52919,16,4,6,6,4,8,7
289,2021606,52707,6,0,2,2,2,3,1
290,2021607,50157,5,1,2,2,1,1,4
291,2021607,2603790,19,1,3,10,5,6,12
292,2021608,50023,11,2,1,2,7,7,3
293,2021608,50064,13,3,5,2,6,7,4
294,2021609,52758,13,0,3,3,7,7,6
295,2021609,50051,13,2,7,3,3,8,5
296,2021610,50118,15,1,3,9,2,5,10
297,2021610,1652,14,1,1,6,7,9,5
298,2021611,59856,9,0,3,3,1,1,8
299,2021611,50147,6,0,0,4,2,3,2
300,2021612,54266,14,0,6,5,3,4,10
301,2021612,52682,11,3,6,2,3,7,4
302,2021613,52747,8,1,2,5,1,3,5
303,2021613,50037,16,0,6,5,4,10,6
304,2021614,50074,11,0,3,5,3,4,4
305,2021614,50050,5,0,1,3,1,1,4
306,2021615,50124,11,1,3,6,2,3,8
307,2021615,52914,16,2,2,8,5,6,10
308,2021616,60609,12,0,0,6,6,6,6
309,2021616,50137,13,0,7,4,2,7,6
310,2021617,50149,10,0,2,2,6,3,7
311,2021617,50080,11,1,5,3,3,5,6
312,2021618,50139,18,0,5,7,6,9,8
313,2021618,2610,9,0,2,6,1,2,7
314,2021619,50068,8,0,3,5,0,3,5
315,2021619,52714,16,1,5,6,5,8,7
316,2021620,57490,5,0,2,2,1,1,4
317,2021620,7889,21,0,8,6,7,10,10
318,2021621,52919,14,1,5,3,5,10,4
319,2021621,50136,7,2,3,1,3,3,4
320,2021622,52749,9,1,4,3,2,3,5
321,2021622,52707,6,0,0,4,2,4,2
322,2021623,50023,11,2,4,4,3,6,3
323,2021623,50157,8,2,3,3,1,2,6
324,2021624,2603790,18,1,5,6,7,7,10
325,2021624,50064,7,0,2,3,2,1,5
326,2021625,50118,7,0,2,4,1,3,4
327,2021625,52758,15,0,3,9,3,4,11
328,2021626,50051,20,2,6,7,6,13,7
329,2021626,1652,11,1,4,4,3,6,5
330,2021627,54266,11,0,0,5,6,5,6
331,2021627,59856,9,1,4,3,2,2,6
332,2021628,50147,11,0,0,7,4,6,4
333,2021628,52682,10,0,4,4,2,3,6
334,2021629,50074,13,1,6,6,0,3,9
335,2021629,52747,12,4,2,7,1,6,6
336,2021630,50037,23,3,8,6,9,9,13
337,2021630,50050,9,0,3,2,3,4,5
338,2021631,60609,8,0,1,5,2,4,4
339,2021631,50124,10,3,3,6,1,7,3
340,2021632,52914,12,0,2,7,3,4,8
341,2021632,50137,13,0,5,6,2,3,9
342,2021633,50139,15,0,6,3,6,11,4
343,2021633,50149,5,0,1,3,1,4,1
344,2021634,50080,22,7,8,5,8,17,5
345,2021634,2610,2,0,0,1,1,1,1
346,2021635,59856,12,0,4,4,4,7,5
347,2021635,54266,10,0,1,6,3,7,2
348,2021636,52682,15,2,4,7,3,9,5
349,2021636,50147,11,1,4,2,4,5,6
350,2021637,52747,19,0,5,7,7,4,14
351,2021637,50074,6,0,2,3,1,2,3
352,2021638,50050,10,1,3,4,3,2,6
353,2021638,50037,7,0,2,5,0,2,5
354,2021639,50124,32,3,9,12,11,16,15
355,2021639,60609,3,0,2,0,1,1,2
356,2021640,50137,10,2,3,6,1,3,7
357,2021640,52914,14,2,6,4,4,5,9
358,2021641,50149,7,0,1,4,2,1,6
359,2021641,50139,16,1,4,6,6,9,7
360,2021642,2610,6,0,1,4,1,1,5
361,2021642,50080,20,2,6,4,9,9,9
362,2021643,52714,10,2,2,5,3,4,5
363,2021643,50068,10,1,2,3,5,3,7
364,2021644,7889,19,2,5,9,5,12,7
365,2021644,57490,5,0,1,3,1,2,2
366,2021645,50136,10,1,4,2,3,3,6
367,2021645,52919,15,2,1,5,8,8,7
368,2021646,52707,18,3,4,5,8,9,7
369,2021646,52749,11,0,5,4,2,1,8
370,2021647,50157,8,1,1,5,2,1,6
371,2021647,50023,12,1,4,5,3,8,4
372,2021648,50064,8,0,0,5,3,7,1
373,2021648,2603790,8,0,1,3,4,4,3
374,2021649,52758,29,1,8,10,11,12,16
375,2021649,50118,3,0,0,3,0,0,3
376,2021650,1652,8,0,4,2,2,3,4
377,2021650,50051,18,0,9,4,5,6,12
378,2021651,50068,13,1,1,10,2,5,6
379,2021651,57490,8,0,3,3,1,2,5
380,2021652,52714,7,2,2,3,2,5,2
381,2021652,7889,7,4,4,2,1,3,4
382,2021653,52919,13,2,3,9,1,2,11
383,2021653,52749,6,0,2,3,1,3,2
384,2021654,50136,14,2,3,5,6,5,7
385,2021654,52707,8,1,4,4,0,1,7
386,2021655,50023,8,1,2,5,1,4,4
387,2021655,2603790,6,0,0,4,2,1,5
388,2021656,50157,8,0,4,1,2,4,3
389,2021656,50064,8,1,1,4,3,3,4
390,2021657,50118,11,2,3,4,4,5,5
391,2021657,50051,11,1,3,5,3,4,7
392,2021658,52758,6,1,2,3,1,2,4
393,2021658,1652,10,0,4,3,3,6,4
394,2021659,54266,9,0,2,4,3,2,7
395,2021659,50147,12,1,4,3,5,5,7
396,2021660,59856,11,0,5,4,1,1,8
397,2021660,52682,15,1,3,7,3,8,6
398,2021661,50074,9,2,4,4,1,3,6
399,2021661,50037,15,1,3,7,5,9,6
400,2021662,52747,16,1,4,10,2,3,12
401,2021662,50050,6,0,0,4,2,3,3
402,2021663,60609,4,1,1,1,1,2,2
403,2021663,52914,14,2,6,5,3,5,9
404,2021664,50124,14,0,3,6,5,4,7
405,2021664,50137,8,0,1,2,4,3,5
406,2021665,50139,11,0,3,6,2,4,7
407,2021665,50080,10,0,2,6,2,1,7
408,2021666,50149,15,1,2,9,4,3,10
409,2021666,2610,7,0,1,3,3,5,2
410,2021667,50147,24,0,4,12,8,15,8
411,2021667,59856,5,2,2,3,0,1,4
412,2021668,52682,13,3,5,3,4,8,5
413,2021668,54266,8,1,2,5,1,3,5
414,2021669,50037,9,1,1,4,4,6,1
415,2021669,52747,12,2,7,3,2,4,8
416,2021670,50050,10,0,4,3,3,5,5
417,2021670,50074,8,1,4,2,2,1,6
418,2021671,52914,18,4,8,7,3,11,5
419,2021671,50124,11,0,2,4,4,3,8
420,2021672,50137,18,1,7,8,3,9,8
421,2021672,60609,3,1,2,1,0,1,2
422,2021673,50080,12,1,3,4,5,4,8
423,2021673,50149,5,1,3,2,0,2,2
424,2021674,2610,8,1,3,4,1,4,3
425,2021674,50139,6,0,3,2,1,2,3
426,2021675,57490,7,0,1,5,1,2,4
427,2021675,52714,23,2,7,9,7,13,10
428,2021676,7889,10,1,3,4,3,5,5
429,2021676,50068,13,0,4,4,5,4,8
430,2021677,52749,10,0,1,6,3,4,5
431,2021677,50136,7,2,3,3,1,2,4
432,2021678,52707,11,0,4,5,2,2,9
433,2021678,52919,9,1,1,4,3,5,3
434,2021679,2603790,21,4,9,5,6,9,12
435,2021679,50157,13,1,8,5,0,4,9
436,2021680,50064,11,0,2,5,4,6,4
437,2021680,50023,11,0,2,7,2,4,5
438,2021681,50051,18,2,8,6,4,7,11
439,2021681,52758,6,2,1,2,3,5,1
440,2021682,1652,18,1,8,6,4,8,9
441,2021682,50118,7,0,0,4,3,4,2
442,2021683,50139,8,1,3,2,2,3,5
443,2021683,1652,8,1,4,3,1,2,6
444,2021684,59856,11,1,3,6,2,3,7
445,2021684,52919,8,0,3,3,2,2,5
446,2021685,52914,9,0,1,4,2,2,6
447,2021685,50080,6,0,1,3,2,4,2
448,2021686,50037,29,0,8,12,8,11,15
449,2021686,50157,6,0,1,4,1,2,4
450,2021687,50064,7,1,2,3,2,2,5
451,2021687,7889,9,0,1,5,2,6,3
452,2021688,52714,25,3,8,9,8,10,14
453,2021688,52682,6,1,1,4,1,1,4
454,2021689,50051,14,1,5,4,5,6,8
455,2021689,52747,13,0,3,5,5,6,5
456,2021690,52707,12,2,5,3,4,4,7
457,2021690,50137,13,1,7,4,2,6,6
458,2021691,50080,5,2,4,1,0,2,3
459,2021691,52914,14,0,3,5,4,6,7
460,2021692,50157,16,0,3,7,6,5,10
461,2021692,50037,11,0,4,7,0,4,7
462,2021693,1652,22,0,5,8,8,10,12
463,2021693,50139,6,0,1,4,1,2,4
464,2021694,52919,6,1,2,0,4,5,1
465,2021694,59856,5,0,1,3,1,1,4
466,2021695,52747,7,0,1,3,3,3,4
467,2021695,50051,19,2,4,6,6,11,8
468,2021696,50137,9,0,2,4,3,3,6
469,2021696,52707,4,0,0,2,2,3,1
470,2021697,7889,12,0,5,4,2,7,5
471,2021697,50064,9,0,1,6,2,4,4
472,2021698,52682,16,2,3,8,5,10,5
473,2021698,52714,19,1,4,10,5,7,9
474,2021699,50080,17,0,7,5,4,7,9
475,2021699,50137,12,2,2,3,7,9,1
476,2021700,52714,7,1,3,3,1,1,6
477,2021700,50037,12,1,3,6,3,6,6
478,2021701,50139,12,3,2,6,4,2,9
479,2021701,50051,11,1,3,6,0,3,8
480,2021702,7889,6,0,2,2,2,3,2
481,2021702,52919,11,0,0,6,5,5,6
482,2021703,50051,18,2,5,7,5,11,7
483,2021703,50139,9,1,3,3,3,5,4
484,2021704,52919,19,0,2,4,12,10,8
485,2021704,7889,3,1,1,2,0,0,2
486,2021705,50137,13,1,4,8,1,7,4
487,2021705,50080,9,0,3,4,2,3,5
488,2021706,50037,17,1,6,9,2,6,11
489,2021706,52714,8,0,0,5,2,3,5
490,2021707,7889,15,2,6,4,4,7,7
491,2021707,50137,12,0,4,5,3,7,4
492,2021708,50037,12,1,4,4,4,5,5
493,2021708,50051,5,0,2,2,1,2,2
494,2021709,50051,7,1,1,5,1,3,4
495,2021709,50037,18,2,6,4,7,11,6
496,2021710,50137,20,1,3,14,3,9,11
497,2021710,7889,9,0,3,1,5,6,3
498,2021711,50051,9,4,2,5,1,4,4
499,2021711,7889,11,0,1,2,7,8,1
500,2025053,50043,11,0,2,5,4,6,3
501,2025053,52758,12,0,2,8,2,4,7
502,2025054,50023,8,0,0,7,1,2,5
503,2025054,50124,5,0,1,3,1,1,4
504,2025055,50080,17,0,5,8,3,4,12
505,2025055,50062,14,0,2,8,4,5,8
506,2025056,50138,13,0,2,5,6,5,8
507,2025056,1652,9,0,5,2,2,3,5
508,2025057,7889,14,1,5,5,4,3,10
509,2025057,52747,7,0,3,2,2,2,4
510,2025058,50069,6,0,3,1,2,2,4
511,2025058,50136,20,3,7,4,7,6,12
512,2025059,50067,13,0,5,4,4,5,8
513,2025059,53065,12,0,2,5,5,7,4
514,2025060,57388,9,0,1,5,3,4,5
515,2025060,50064,9,2,4,1,4,5,4
516,2025061,50143,15,1,3,7,5,4,8
517,2025061,50129,4,0,0,2,2,3,1
518,2025062,50147,14,0,4,6,4,7,5
519,2025062,50037,11,3,4,3,4,5,6
520,2025063,52707,13,0,3,5,5,4,8
521,2025063,2600431,17,0,4,6,7,10,6
522,2025064,52919,22,1,7,12,2,11,9
523,2025064,5312,9,1,1,3,4,2,5
524,2025065,50051,27,3,8,13,6,10,13
525,2025065,50137,12,0,4,6,2,4,6
526,2025066,64388,7,2,2,4,1,3,4
527,2025066,54266,14,0,5,6,3,3,8
528,2025067,50031,17,3,4,6,6,7,10
529,2025067,52682,13,0,2,4,6,8,4
530,2025068,52268,28,1,6,10,12,13,13
531,2025068,50139,7,3,3,2,2,6,1
532,2025069,50037,15,1,3,9,3,10,5
533,2025069,50143,14,2,6,5,3,7,6
534,2025070,50129,13,1,4,4,5,7,4
535,2025070,50147,8,0,3,3,2,4,4
536,2025071,5312,20,2,5,7,8,10,9
537,2025071,52707,14,1,5,6,2,3,11
538,2025072,2600431,4,0,1,2,1,2,2
539,2025072,52919,13,2,4,6,3,6,6
540,2025073,54266,7,0,2,2,3,2,3
541,2025073,50051,26,0,3,15,5,8,16
542,2025074,50137,17,2,8,4,4,10,6
543,2025074,64388,7,0,1,2,4,3,4
544,2025075,50139,13,2,4,3,5,8,5
545,2025075,50031,6,0,1,4,1,2,3
546,2025076,52682,19,0,4,5,9,11,7
547,2025076,52268,8,0,1,5,2,1,6
548,2025077,50124,13,1,3,9,1,7,4
549,2025077,50043,5,0,0,3,2,3,2
550,2025078,52758,11,3,3,6,1,4,6
551,2025078,50023,10,0,5,4,1,4,6
552,2025079,1652,7,0,3,1,3,3,4
553,2025079,50080,11,0,3,3,3,5,6
554,2025080,50062,13,1,2,6,4,7,5
555,2025080,50138,22,3,6,8,8,9,10
556,2025081,50136,15,0,3,8,3,4,10
557,2025081,7889,4,0,0,3,1,1,3
558,2025082,52747,27,3,11,12,4,12,15
559,2025082,50069,4,0,2,2,0,0,4
560,2025083,50064,16,1,4,8,4,7,7
561,2025083,50067,11,2,3,6,2,5,5
562,2025084,53065,13,0,1,5,7,6,6
563,2025084,57388,13,1,3,7,3,5,6
564,2025085,50129,6,0,1,5,0,1,5
565,2025085,50037,16,1,5,7,4,8,7
566,2025086,50143,16,2,8,4,4,3,10
567,2025086,50147,14,0,3,7,4,5,8
568,2025087,2600431,23,2,6,10,7,10,12
569,2025087,5312,9,0,2,3,3,4,5
570,2025088,52707,14,1,2,6,6,8,5
571,2025088,52919,21,4,2,10,5,8,13
572,2025089,50137,17,1,10,6,1,6,10
573,2025089,54266,13,0,4,4,5,4,8
574,2025090,50051,17,2,5,9,2,12,5
575,2025090,64388,9,3,1,7,1,3,5
576,2025091,52682,7,0,3,0,3,4,3
577,2025091,50139,11,0,4,5,2,1,8
578,2025092,50031,16,1,5,7,4,5,10
579,2025092,52268,7,0,1,5,1,1,6
580,2025093,52758,7,0,1,3,3,4,3
581,2025093,50124,12,0,2,4,5,5,7
582,2025094,50043,14,3,4,8,2,5,9
583,2025094,50023,8,1,1,5,2,2,5
584,2025095,50062,8,0,1,6,1,3,5
585,2025095,1652,22,0,7,6,7,10,12
586,2025096,50080,19,1,9,3,6,8,9
587,2025096,50138,10,0,3,5,2,3,5
588,2025097,52747,15,2,5,5,5,7,7
589,2025097,50136,12,1,3,7,1,3,8
590,2025098,7889,18,5,7,8,3,8,10
591,2025098,50069,3,0,0,3,0,0,2
592,2025099,53065,11,4,4,3,4,6,4
593,2025099,50064,8,0,2,5,1,1,7
594,2025100,50067,9,0,3,6,0,1,6
595,2025100,57388,17,4,6,3,8,9,8
596,2025101,50124,13,1,5,4,3,4,9
597,2025101,52758,4,1,0,2,2,2,1
598,2025102,50023,15,1,6,6,3,5,10
599,2025102,50043,3,0,2,0,1,0,3
600,2025103,1652,27,0,7,7,13,19,7
601,2025103,50062,7,0,3,1,3,3,3
602,2025104,50138,10,2,0,7,3,5,4
603,2025104,50080,26,2,7,12,7,11,14
604,2025105,50136,19,2,4,8,7,5,12
605,2025105,52747,8,1,2,2,4,3,4
606,2025106,50069,8,0,2,3,3,4,4
607,2025106,7889,22,1,3,9,9,9,13
608,2025107,50064,10,0,4,3,2,3,7
609,2025107,53065,15,0,2,7,6,7,6
610,2025108,57388,10,2,3,5,1,4,4
611,2025108,50067,8,1,1,4,3,2,5
612,2025109,50037,17,3,6,4,7,11,4
613,2025109,50129,2,0,0,1,1,2,0
614,2025110,50147,10,1,7,2,1,3,5
615,2025110,50143,9,1,3,4,2,3,5
616,2025111,5312,27,0,10,7,9,16,10
617,2025111,2600431,15,1,5,6,4,7,6
618,2025112,52919,9,1,2,3,4,5,4
619,2025112,52707,8,0,2,4,2,1,6
620,2025113,54266,11,2,5,3,3,4,6
621,2025113,50137,15,1,4,9,2,5,8
622,2025114,64388,12,0,3,4,5,6,6
623,2025114,50051,9,0,1,5,2,4,5
624,2025115,50139,20,2,2,8,8,8,10
625,2025115,52682,8,1,2,3,3,3,5
626,2025116,52268,7,0,2,3,1,2,2
627,2025116,50031,9,0,1,6,2,2,7
628,2025117,50129,5,0,2,2,1,2,3
629,2025117,50143,14,0,3,7,3,5,7
630,2025118,50037,9,1,5,3,1,2,5
631,2025118,50147,5,0,1,3,1,1,4
632,2025119,2600431,11,1,2,7,1,1,9
633,2025119,52707,9,2,5,1,1,3,5
634,2025120,5312,9,2,2,4,2,4,4
635,2025120,52919,12,0,4,3,5,6,5
636,2025121,50137,17,1,5,7,5,7,8
637,2025121,50051,9,1,4,3,2,5,4
638,2025122,54266,14,3,4,6,4,6,8
639,2025122,64388,15,0,5,5,5,8,7
640,2025123,52682,21,2,3,13,5,10,9
641,2025123,50031,11,0,0,5,6,6,5
642,2025124,50139,19,0,6,8,5,7,9
643,2025124,52268,6,0,1,2,3,4,2
644,2025125,52758,12,2,2,6,4,5,6
645,2025125,50043,5,0,0,4,1,1,4
646,2025126,50124,9,0,2,4,2,3,5
647,2025126,50023,12,1,3,6,3,4,7
648,2025127,50062,21,4,8,6,4,10,11
649,2025127,50080,19,1,4,8,7,9,10
650,2025128,1652,13,0,4,5,3,7,5
651,2025128,50138,9,0,2,4,3,4,5
652,2025129,52747,10,1,6,2,2,5,5
653,2025129,7889,6,0,0,3,3,4,2
654,2025130,50136,13,1,5,6,2,4,8
655,2025130,50069,10,0,3,6,1,2,6
656,2025131,53065,14,1,2,5,5,5,9
657,2025131,50067,11,0,2,2,7,8,3
658,2025132,50064,11,0,3,4,3,3,7
659,2025132,57388,3,0,1,1,1,1,2
660,2025133,50043,4,1,2,2,0,2,2
661,2025133,50124,9,0,3,4,2,2,6
662,2025134,50023,5,0,0,3,2,2,2
663,2025134,52758,11,2,2,6,3,3,6
664,2025135,50080,12,0,2,5,3,4,5
665,2025135,1652,15,4,5,3,7,6,8
666,2025136,50138,22,0,8,8,6,12,7
667,2025136,50062,5,0,4,1,0,3,1
668,2025137,7889,22,5,4,13,5,6,15
669,2025137,50136,8,2,3,5,0,1,6
670,2025138,50069,7,2,1,3,3,5,2
671,2025138,52747,11,1,5,5,1,4,6
672,2025139,50067,14,2,3,8,2,8,6
673,2025139,50064,1,0,0,1,0,0,1
674,2025140,57388,16,1,5,3,8,9,6
675,2025140,53065,9,1,2,5,2,3,5
676,2025141,50143,14,0,5,3,6,6,8
677,2025141,50037,11,4,5,3,3,4,7
678,2025142,50147,23,2,8,12,1,10,11
679,2025142,50129,5,1,0,3,2,3,2
680,2025143,52707,5,1,1,3,1,4,1
681,2025143,5312,15,2,5,8,2,3,11
682,2025144,52919,23,3,8,9,3,13,10
683,2025144,2600431,11,1,3,6,2,1,10
684,2025145,50051,18,1,7,2,8,6,10
685,2025145,54266,10,0,2,6,2,3,7
686,2025146,64388,11,0,2,6,3,3,7
687,2025146,50137,11,0,3,4,4,4,6
688,2025147,50031,7,0,1,4,2,3,3
689,2025147,50139,24,2,5,13,5,12,11
690,2025148,52268,10,0,2,5,3,6,4
691,2025148,52682,10,2,4,5,1,2,8
