,Goals,Knockout,OnTarget_%,Short_%,Succ_Ratio,Total_FKs,Short_FKs,Passes_Att,Pass_Comp%,Opp_Total_Fouls,Opp_Yellow_Cards,Cards/Fouls,OppTackles_Successful%,Opp_Aggressiveness,Opp_Total_Saves,Opp_Saves/Shots,Opp_Shots_Blocked,Opp_Conceded_Corners,dummy_home,bad_weather,Win_Pr(),Btts_Pr()
0,2,0,0.3333333333333333,0.6410256410256411,0.14285714285714285,36.0,0.3333333333333333,2030.0,0.8694581280788177,31.0,5.0,0.16129032258064516,0.4615384615384616,0.0,25.0,0.6410256410256411,11.0,11.0,1.0,0,0.11764705882352941,0.3663003663003663
1,1,0,0.2972972972972973,0.3783783783783784,0.4444444444444444,41.0,0.4634146341463415,2370.0,0.8738396624472574,56.0,5.0,0.08928571428571429,0.4666666666666667,0.0,17.0,0.5862068965517241,8.0,11.0,1.0,0,0.13333333333333333,0.3436426116838488
2,1,0,0.2631578947368421,0.4473684210526316,0.27586206896551724,52.0,0.2692307692307692,2099.0,0.8489757027155789,45.0,7.0,0.15555555555555556,0.6,0.0,24.0,0.6,9.0,27.0,1.0,0,0.2222222222222222,0.38167938931297707
3,1,0,0.2857142857142857,0.2857142857142857,0.2857142857142857,60.0,0.2,1735.0,0.8080691642651296,51.0,7.0,0.13725490196078433,0.3333333333333333,0.0,20.0,0.5405405405405406,7.0,20.0,1.0,0,0.37735849056603776,0.3125
4,1,0,0.21052631578947367,0.631578947368421,0.0,32.0,0.09375,1638.0,0.7991452991452992,29.0,2.0,0.06896551724137931,0.4615384615384616,0.0,22.0,0.6111111111111112,7.0,15.0,1.0,0,0.40322580645161293,0.35335689045936397
5,3,0,0.48,0.4,0.4117647058823529,32.0,0.25,2257.0,0.8790429774036331,33.0,4.0,0.15151515151515152,0.4838709677419355,0.0,13.0,0.7647058823529411,6.0,13.0,1.0,0,0.27027027027027023,0.4098360655737705
6,2,0,0.5,0.5714285714285714,0.0,33.0,0.18181818181818185,1387.0,0.7144917087238645,29.0,5.0,0.1724137931034483,0.52,1.0,16.0,0.5714285714285714,5.0,8.0,1.0,0,0.4694835680751174,0.25
7,1,0,0.32653061224489793,0.4693877551020408,0.4,35.0,0.37142857142857133,2660.0,0.8676691729323308,23.0,4.0,0.17391304347826084,0.2857142857142857,0.0,23.0,0.5348837209302325,10.0,14.0,1.0,1,0.09090909090909091,0.3508771929824561
8,3,0,0.2857142857142857,0.2380952380952381,0.09090909090909093,38.0,0.07894736842105263,1359.0,0.7748344370860927,30.0,5.0,0.16666666666666666,0.5454545454545454,1.0,19.0,0.6333333333333333,11.0,20.0,1.0,0,0.38167938931297707,0.3389830508474576
9,0,0,0.36585365853658536,0.3170731707317073,0.25,47.0,0.1914893617021277,1794.0,0.8121516164994426,37.0,3.0,0.08108108108108109,0.4074074074074074,0.0,15.0,0.5172413793103449,7.0,9.0,1.0,1,0.3333333333333333,0.35335689045936397
10,1,0,0.3333333333333333,0.43333333333333335,0.25,52.0,0.3461538461538461,1716.0,0.7937062937062938,37.0,8.0,0.21621621621621626,0.4090909090909091,0.0,13.0,0.5,5.0,16.0,1.0,0,0.4166666666666667,0.36363636363636365
11,3,0,0.25,0.4583333333333333,0.35,42.0,0.16666666666666666,2047.0,0.8334147532975086,36.0,8.0,0.2222222222222222,0.5384615384615384,0.0,41.0,0.6612903225806451,22.0,24.0,1.0,0,0.041666666666666664,0.3448275862068966
12,0,0,0.3333333333333333,0.42857142857142855,0.2222222222222222,32.0,0.09375,1294.0,0.8037094281298299,34.0,4.0,0.14705882352941174,0.3076923076923077,0.0,15.0,0.625,10.0,10.0,1.0,0,0.2958579881656805,0.3389830508474576
13,1,0,0.3478260869565217,0.2608695652173913,0.0,38.0,0.18421052631578946,1617.0,0.8157081014223871,30.0,5.0,0.16666666666666666,0.15384615384615385,0.0,12.0,0.75,5.0,8.0,1.0,0,0.4366812227074236,0.3278688524590164
14,3,0,0.08695652173913042,0.3478260869565217,0.3333333333333333,41.0,0.17073170731707318,1221.0,0.7493857493857494,46.0,7.0,0.15217391304347827,0.29411764705882354,0.0,15.0,0.4166666666666667,7.0,13.0,1.0,0,0.4504504504504505,0.31746031746031744
15,1,0,0.3191489361702128,0.40425531914893614,0.13043478260869565,39.0,0.2307692307692308,1618.0,0.7824474660074165,36.0,3.0,0.1111111111111111,0.5454545454545454,0.0,10.0,0.5,5.0,12.0,1.0,0,0.4098360655737705,0.3508771929824561
16,1,0,0.36585365853658536,0.3170731707317073,0.25,47.0,0.1914893617021277,1794.0,0.8121516164994426,30.0,2.0,0.06666666666666668,0.37735849056603776,1.0,32.0,0.6274509803921569,19.0,20.0,1.0,0,0.1724137931034483,0.3508771929824561
17,2,0,0.15,0.375,0.2916666666666667,32.0,0.15625,2166.0,0.8185595567867036,30.0,5.0,0.16666666666666666,0.5454545454545454,1.0,19.0,0.6333333333333333,11.0,20.0,1.0,0,0.29411764705882354,0.3663003663003663
18,1,0,0.25,0.4583333333333333,0.35,42.0,0.16666666666666666,2047.0,0.8334147532975086,34.0,7.0,0.2058823529411765,0.4074074074074074,0.0,11.0,0.4074074074074074,7.0,12.0,1.0,0,0.14814814814814814,0.37453183520599254
19,3,0,0.25,0.20833333333333331,0.2857142857142857,41.0,0.2926829268292683,1410.0,0.7794326241134751,37.0,8.0,0.21621621621621626,0.4090909090909091,0.0,13.0,0.5,5.0,16.0,1.0,0,0.4694835680751174,0.3436426116838488
20,2,0,0.3478260869565217,0.2608695652173913,0.0,38.0,0.18421052631578946,1617.0,0.8157081014223871,42.0,6.0,0.14285714285714285,0.38461538461538464,0.0,17.0,0.53125,7.0,18.0,1.0,0,0.38167938931297707,0.3436426116838488
21,0,0,0.28205128205128205,0.38461538461538464,0.55,54.0,0.2037037037037037,1995.0,0.825062656641604,34.0,4.0,0.14705882352941174,0.3076923076923077,0.0,15.0,0.625,10.0,10.0,1.0,1,0.21052631578947367,0.3125
22,0,0,0.3191489361702128,0.40425531914893614,0.13043478260869565,39.0,0.2307692307692308,1618.0,0.7824474660074165,33.0,5.0,0.15151515151515152,0.38235294117647056,1.0,22.0,0.5238095238095238,9.0,18.0,1.0,0,0.125,0.3389830508474576
23,1,0,0.24390243902439024,0.3414634146341464,0.07142857142857142,52.0,0.1346153846153846,2194.0,0.8596171376481313,46.0,7.0,0.15217391304347827,0.29411764705882354,0.0,15.0,0.4166666666666667,7.0,13.0,1.0,0,0.2577319587628866,0.3389830508474576
24,2,0,0.2972972972972973,0.3783783783783784,0.4444444444444444,41.0,0.4634146341463415,2370.0,0.8738396624472574,28.0,3.0,0.14285714285714285,0.5517241379310345,1.0,17.0,0.5666666666666667,7.0,19.0,1.0,0,0.27027027027027023,0.38167938931297707
25,0,0,0.27586206896551724,0.4137931034482759,0.0,45.0,0.2,1639.0,0.8090298962782184,31.0,5.0,0.16129032258064516,0.4615384615384616,0.0,25.0,0.6410256410256411,11.0,11.0,1.0,0,0.2857142857142857,0.37453183520599254
26,0,0,0.2857142857142857,0.2857142857142857,0.2857142857142857,60.0,0.2,1735.0,0.8080691642651296,35.0,3.0,0.08571428571428573,0.4117647058823529,0.0,8.0,0.4444444444444444,6.0,9.0,1.0,0,0.4166666666666667,0.3436426116838488
27,3,0,0.32142857142857145,0.35714285714285715,0.14285714285714285,46.0,0.17391304347826084,1653.0,0.8106473079249849,45.0,7.0,0.15555555555555556,0.6,0.0,24.0,0.6,9.0,27.0,1.0,0,0.27027027027027023,0.3663003663003663
28,0,0,0.48,0.4,0.4117647058823529,32.0,0.25,2257.0,0.8790429774036331,20.0,2.0,0.1,0.39130434782608703,0.0,22.0,0.5945945945945946,10.0,23.0,1.0,1,0.07142857142857142,0.3663003663003663
29,1,0,0.39130434782608703,0.3478260869565217,0.42105263157894735,42.0,0.3333333333333333,1865.0,0.8219839142091153,29.0,2.0,0.06896551724137931,0.4615384615384616,0.0,22.0,0.6111111111111112,7.0,15.0,1.0,0,0.18181818181818182,0.3846153846153846
30,3,0,0.32653061224489793,0.4693877551020408,0.4,35.0,0.37142857142857133,2660.0,0.8676691729323308,38.0,3.0,0.07894736842105263,0.3333333333333333,0.0,18.0,0.5142857142857142,8.0,16.0,1.0,0,0.07142857142857142,0.2958579881656805
31,2,0,0.36,0.44,0.2,36.0,0.1388888888888889,1646.0,0.7551640340218712,29.0,5.0,0.1724137931034483,0.52,1.0,16.0,0.5714285714285714,5.0,8.0,1.0,0,0.42372881355932196,0.09523809523809523
32,2,0,0.3478260869565217,0.2608695652173913,0.0,53.0,0.3018867924528302,1795.0,0.8451253481894151,36.0,5.0,0.1388888888888889,0.5185185185185185,0.0,10.0,0.4,5.0,8.0,1.0,0,0.4608294930875576,0.3125
33,1,0,0.32432432432432434,0.6216216216216216,0.15789473684210525,33.0,0.2727272727272727,2108.0,0.8818785578747628,44.0,7.0,0.18181818181818185,0.37142857142857133,1.0,24.0,0.5853658536585366,9.0,21.0,1.0,1,0.2222222222222222,0.37735849056603776
34,3,0,0.20833333333333331,0.3333333333333333,0.35714285714285715,59.0,0.2033898305084746,1510.0,0.7973509933774835,48.0,10.0,0.20833333333333331,0.5161290322580645,1.0,21.0,0.5526315789473685,11.0,16.0,1.0,0,0.23255813953488372,0.3508771929824561
35,1,0,0.35897435897435903,0.38461538461538464,0.25806451612903225,48.0,0.2916666666666667,2151.0,0.8498372849837285,49.0,6.0,0.12244897959183673,0.3,0.0,17.0,0.4857142857142857,6.0,21.0,1.0,0,0.27548209366391185,0.37735849056603776
36,3,0,0.22857142857142854,0.2857142857142857,0.4375,32.0,0.28125,1769.0,0.8501978518937253,41.0,8.0,0.2195121951219512,0.2926829268292683,1.0,12.0,0.4444444444444444,6.0,11.0,1.0,0,0.42372881355932196,0.38167938931297707
37,1,0,0.125,0.5416666666666666,0.0,32.0,0.09375,1925.0,0.8290909090909091,42.0,5.0,0.14285714285714285,0.4,0.0,14.0,0.6666666666666666,7.0,14.0,1.0,1,0.4166666666666667,0.37037037037037035
38,1,0,0.25,0.5,0.3,39.0,0.2307692307692308,2076.0,0.7972061657032755,32.0,6.0,0.1875,0.2608695652173913,0.0,14.0,0.5833333333333334,6.0,4.0,1.0,0,0.3921568627450981,0.3389830508474576
39,0,0,0.5714285714285714,0.42857142857142855,0.0,28.0,0.07142857142857142,1443.0,0.7179487179487181,27.0,2.0,0.07407407407407407,0.2631578947368421,0.0,26.0,0.5306122448979592,8.0,17.0,1.0,1,0.37453183520599254,0.3333333333333333
40,3,0,0.25,0.5,0.25,53.0,0.1320754716981132,2022.0,0.8333333333333334,41.0,4.0,0.0975609756097561,0.5777777777777777,1.0,7.0,0.3684210526315789,4.0,15.0,1.0,0,0.38167938931297707,0.38167938931297707
41,3,0,0.3333333333333333,0.2857142857142857,0.16666666666666666,40.0,0.1,1452.0,0.772038567493113,39.0,2.0,0.05128205128205128,0.5,0.0,21.0,0.6176470588235294,12.0,14.0,1.0,0,0.4098360655737705,0.3436426116838488
42,2,0,0.4117647058823529,0.35294117647058826,0.2307692307692308,48.0,0.14583333333333334,2088.0,0.8649425287356322,37.0,2.0,0.054054054054054064,0.3684210526315789,0.0,20.0,0.5714285714285714,6.0,11.0,1.0,0,0.37037037037037035,0.41152263374485604
43,1,0,0.28125,0.4375,0.16666666666666666,45.0,0.4222222222222222,1794.0,0.8076923076923077,32.0,5.0,0.15625,0.4615384615384616,0.0,39.0,0.6190476190476191,21.0,24.0,1.0,0,0.21052631578947367,0.38167938931297707
44,0,0,0.3023255813953488,0.4418604651162791,0.0,49.0,0.14285714285714285,1946.0,0.8165467625899281,45.0,9.0,0.2,0.5,0.0,33.0,0.6470588235294118,15.0,25.0,1.0,0,0.2127659574468085,0.3389830508474576
45,3,0,0.16666666666666666,0.375,0.5555555555555556,30.0,0.03333333333333333,1366.0,0.8045387994143485,41.0,6.0,0.14634146341463414,0.2857142857142857,0.0,19.0,0.8636363636363636,9.0,9.0,1.0,0,0.43859649122807015,0.3125
46,0,0,0.3148148148148148,0.3703703703703704,0.2222222222222222,53.0,0.33962264150943394,2399.0,0.8491037932471863,59.0,10.0,0.1694915254237288,0.3478260869565217,0.0,22.0,0.5641025641025641,12.0,9.0,1.0,1,0.3225806451612903,0.39525691699604737
47,2,0,0.08333333333333333,0.25,0.6666666666666666,47.0,0.1914893617021277,1102.0,0.7186932849364791,34.0,7.0,0.2352941176470588,0.4848484848484849,0.0,14.0,0.5,8.0,14.0,1.0,0,0.4739336492890995,0.2898550724637681
48,3,1,0.39130434782608703,0.4782608695652174,0.21052631578947367,51.0,0.09803921568627452,1880.0,0.8106382978723404,44.0,7.0,0.20454545454545456,0.4090909090909091,0.0,18.0,0.6923076923076923,8.0,12.0,1.0,0,0.3891050583657587,0.37453183520599254
49,3,1,0.3478260869565217,0.3043478260869565,0.21428571428571427,45.0,0.4,2009.0,0.8551518168242906,35.0,3.0,0.08571428571428573,0.25,0.0,11.0,0.4074074074074074,5.0,7.0,1.0,0,0.39525691699604737,0.37735849056603776
50,3,1,0.3181818181818182,0.6363636363636364,0.26666666666666666,55.0,0.2545454545454545,2049.0,0.8604197169350903,31.0,5.0,0.16129032258064516,0.5806451612903226,1.0,8.0,0.3636363636363637,6.0,11.0,1.0,0,0.23529411764705882,0.38167938931297707
51,2,1,0.3,0.43333333333333335,0.5555555555555556,24.0,0.16666666666666666,1557.0,0.8060372511239563,36.0,6.0,0.19444444444444445,0.56,0.0,8.0,0.4705882352941176,5.0,8.0,1.0,0,0.4166666666666667,0.3436426116838488
52,1,1,0.25925925925925924,0.4814814814814815,0.375,49.0,0.20408163265306126,2206.0,0.8821396192203083,43.0,4.0,0.09302325581395347,0.3333333333333333,0.0,17.0,0.53125,6.0,20.0,1.0,1,0.23255813953488372,0.37735849056603776
53,3,1,0.28,0.56,0.21428571428571427,29.0,0.3103448275862069,1871.0,0.8556921432389096,23.0,3.0,0.13043478260869565,0.4545454545454545,0.0,9.0,0.6923076923076923,4.0,3.0,1.0,0,0.42372881355932196,0.3436426116838488
54,0,1,0.2258064516129032,0.3225806451612903,0.18181818181818185,57.0,0.15789473684210525,1994.0,0.8375125376128385,38.0,6.0,0.15789473684210525,0.4375,0.0,20.0,0.8,11.0,10.0,1.0,0,0.24390243902439027,0.3278688524590164
55,2,1,0.24074074074074076,0.4814814814814815,0.28,31.0,0.2258064516129032,2400.0,0.8391666666666666,38.0,5.0,0.13157894736842105,0.4705882352941176,1.0,13.0,0.5,6.0,14.0,1.0,1,0.25,0.3389830508474576
56,3,1,0.22641509433962265,0.5283018867924528,0.11428571428571427,49.0,0.32653061224489793,2287.0,0.85045911674683,35.0,7.0,0.2,0.4090909090909091,0.0,11.0,0.6111111111111112,7.0,8.0,1.0,0,0.39525691699604737,0.41152263374485604
57,2,1,0.24242424242424246,0.24242424242424246,0.2777777777777778,44.0,0.2954545454545455,1843.0,0.8008681497558329,33.0,6.0,0.18181818181818185,0.6153846153846154,0.0,20.0,0.5,13.0,15.0,1.0,0,0.2469135802469136,0.39525691699604737
58,3,1,0.27586206896551724,0.4137931034482759,0.3636363636363637,52.0,0.19230769230769232,1987.0,0.8459989934574735,30.0,6.0,0.2,0.75,0.0,12.0,0.5454545454545454,4.0,20.0,1.0,0,0.25641025641025644,0.42372881355932196
59,1,1,0.2978723404255319,0.3404255319148936,0.2380952380952381,44.0,0.13636363636363635,2144.0,0.8633395522388059,46.0,3.0,0.06521739130434782,0.4444444444444444,0.0,11.0,0.44,8.0,12.0,1.0,0,0.25641025641025644,0.42372881355932196
60,1,1,0.2708333333333333,0.4375,0.4736842105263158,46.0,0.13043478260869565,1891.0,0.7731359069275515,41.0,10.0,0.24390243902439024,0.4137931034482759,0.0,8.0,0.42105263157894735,4.0,12.0,1.0,0,0.37037037037037035,0.3389830508474576
61,0,1,0.2962962962962963,0.5185185185185185,0.1875,40.0,0.125,1508.0,0.7798408488063661,23.0,4.0,0.17391304347826084,0.3,0.0,14.0,0.6363636363636364,6.0,9.0,1.0,0,0.4,0.36363636363636365
62,3,1,0.15384615384615385,0.35897435897435903,0.14285714285714285,54.0,0.1111111111111111,1740.0,0.7931034482758621,32.0,3.0,0.09375,0.4411764705882353,0.0,17.0,0.5666666666666667,6.0,9.0,1.0,0,0.4366812227074236,0.35335689045936397
63,1,1,0.3272727272727273,0.41818181818181815,0.25,28.0,0.17857142857142858,2671.0,0.8625982777985773,47.0,6.0,0.1276595744680851,0.4516129032258064,1.0,19.0,0.5588235294117647,13.0,17.0,1.0,0,0.2,0.4
64,1,1,0.375,0.3333333333333333,0.4615384615384616,25.0,0.28,1328.0,0.7379518072289156,24.0,4.0,0.16666666666666666,0.28,0.0,21.0,0.7,14.0,14.0,1.0,0,0.4347826086956522,0.28169014084507044
65,2,1,0.3076923076923077,0.3333333333333333,0.25,52.0,0.21153846153846154,1381.0,0.7632150615496017,36.0,5.0,0.1388888888888889,0.35714285714285715,0.0,15.0,0.6521739130434783,6.0,10.0,1.0,0,0.4,0.39525691699604737
66,1,1,0.20512820512820512,0.3333333333333333,0.3684210526315789,46.0,0.10869565217391304,2080.0,0.84375,31.0,3.0,0.0967741935483871,0.3888888888888889,0.0,12.0,0.75,4.0,6.0,1.0,0,0.37037037037037035,0.3891050583657587
67,3,1,0.3043478260869565,0.4782608695652174,0.21428571428571427,41.0,0.2926829268292683,2612.0,0.8901225114854517,40.0,7.0,0.175,0.6428571428571429,0.0,3.0,0.2727272727272727,1.0,9.0,1.0,0,0.26666666666666666,0.37453183520599254
68,3,1,0.2558139534883721,0.5116279069767442,0.4782608695652174,37.0,0.10810810810810813,2522.0,0.8707375099127677,26.0,4.0,0.15384615384615385,0.5769230769230769,0.0,15.0,0.5172413793103449,5.0,15.0,1.0,0,0.273972602739726,0.425531914893617
69,0,1,0.24444444444444444,0.4,0.42105263157894735,36.0,0.1388888888888889,2510.0,0.8856573705179283,34.0,8.0,0.2352941176470588,0.3703703703703704,1.0,14.0,0.7368421052631579,6.0,8.0,1.0,0,0.4098360655737705,0.3891050583657587
70,1,1,0.4166666666666667,0.4583333333333333,0.4166666666666667,34.0,0.1176470588235294,1438.0,0.7406119610570236,30.0,5.0,0.16666666666666666,0.3076923076923077,0.0,26.0,0.5652173913043478,10.0,22.0,1.0,0,0.18181818181818182,0.35335689045936397
71,3,1,0.3333333333333333,0.3939393939393939,0.3,46.0,0.1956521739130435,2096.0,0.8368320610687023,38.0,12.0,0.3157894736842105,0.5,0.0,11.0,0.6111111111111112,4.0,18.0,1.0,0,0.2531645569620253,0.4347826086956522
72,0,1,0.2195121951219512,0.3902439024390244,0.35294117647058826,41.0,0.17073170731707318,2100.0,0.8580952380952381,36.0,14.0,0.3888888888888889,0.5625,0.0,12.0,0.5714285714285714,7.0,18.0,1.0,0,0.24390243902439027,0.35714285714285715
73,3,1,0.30303030303030304,0.3939393939393939,0.2631578947368421,39.0,0.15384615384615385,1725.0,0.8063768115942029,24.0,4.0,0.16666666666666666,0.6666666666666666,0.0,12.0,0.4137931034482759,6.0,18.0,1.0,0,0.3663003663003663,0.3508771929824561
74,2,1,0.3962264150943397,0.4339622641509434,0.5333333333333333,57.0,0.2631578947368421,2037.0,0.8586156111929307,23.0,2.0,0.08695652173913042,0.5,0.0,26.0,0.5909090909090909,16.0,12.0,1.0,0,0.2857142857142857,0.4081632653061224
75,2,1,0.3181818181818182,0.5454545454545454,0.1111111111111111,39.0,0.05128205128205128,1140.0,0.7701754385964912,53.0,7.0,0.1320754716981132,0.2631578947368421,1.0,18.0,0.4390243902439024,11.0,22.0,1.0,0,0.37453183520599254,0.35714285714285715
76,1,1,0.41818181818181815,0.41818181818181815,0.3,53.0,0.2452830188679245,2193.0,0.8663930688554492,53.0,9.0,0.16981132075471694,0.3170731707317073,1.0,24.0,0.5217391304347826,13.0,28.0,1.0,0,0.25641025641025644,0.35714285714285715
82,3,0,0.14634146341463414,0.4146341463414634,0.6666666666666666,35.0,0.14285714285714285,1753.0,0.8414147176269253,24.0,2.0,0.08333333333333333,0.37142857142857133,1.0,25.0,0.5681818181818182,13.0,12.0,1.0,0,0.2857142857142857,0.39525691699604737
86,3,0,0.1951219512195122,0.36585365853658536,0.3636363636363637,38.0,0.13157894736842105,1451.0,0.8215024121295658,36.0,5.0,0.16666666666666666,0.32,0.0,7.0,0.5384615384615384,4.0,5.0,1.0,0,0.48780487804878053,0.2958579881656805
88,3,0,0.43478260869565216,0.3478260869565217,0.14285714285714285,46.0,0.13043478260869565,1589.0,0.8118313404657017,31.0,8.0,0.2903225806451613,0.19047619047619047,0.0,25.0,0.625,9.0,15.0,1.0,0,0.4098360655737705,0.36363636363636365
93,1,0,0.1951219512195122,0.36585365853658536,0.3636363636363637,38.0,0.13157894736842105,1451.0,0.8215024121295658,33.0,4.0,0.12121212121212123,0.4222222222222222,1.0,33.0,0.5689655172413793,17.0,21.0,1.0,0,0.4504504504504505,0.3194888178913738
94,3,0,0.3220338983050847,0.4406779661016949,0.4583333333333333,35.0,0.17142857142857146,2175.0,0.8501149425287357,28.0,6.0,0.21428571428571427,0.2894736842105263,1.0,18.0,0.45,9.0,14.0,1.0,0,0.2469135802469136,0.4081632653061224
95,1,0,0.43478260869565216,0.3478260869565217,0.14285714285714285,46.0,0.13043478260869565,1589.0,0.8118313404657017,34.0,4.0,0.1176470588235294,0.5,0.0,16.0,0.7619047619047619,10.0,10.0,1.0,1,0.47619047619047616,0.31746031746031744
96,3,0,0.2380952380952381,0.42857142857142855,0.42857142857142855,51.0,0.19607843137254904,1663.0,0.8580877931449188,36.0,7.0,0.19444444444444445,0.34375,0.0,21.0,0.7241379310344828,8.0,7.0,1.0,0,0.4081632653061224,0.37453183520599254
97,1,0,0.21428571428571427,0.3809523809523809,0.2777777777777778,48.0,0.3541666666666667,1956.0,0.8292433537832311,47.0,7.0,0.14893617021276595,0.4705882352941176,1.0,18.0,0.6923076923076923,9.0,15.0,1.0,0,0.28169014084507044,0.41152263374485604
98,1,0,0.3157894736842105,0.5263157894736842,0.2352941176470588,34.0,0.1176470588235294,1493.0,0.7809778968519759,29.0,5.0,0.1724137931034483,0.35,1.0,26.0,0.5416666666666666,14.0,23.0,1.0,0,0.25,0.3508771929824561
99,0,0,0.2807017543859649,0.5964912280701754,0.3333333333333333,38.0,0.21052631578947367,2227.0,0.8661876964526268,33.0,8.0,0.24242424242424246,0.40625,1.0,25.0,0.4716981132075472,18.0,26.0,1.0,0,0.05,0.3246753246753247
100,1,0,0.17142857142857146,0.5428571428571428,0.1875,39.0,0.15384615384615385,1512.0,0.8187830687830688,26.0,7.0,0.2692307692307692,0.5555555555555556,0.0,17.0,0.5666666666666667,7.0,10.0,1.0,0,0.3246753246753247,0.4166666666666667
101,2,0,0.125,0.45,0.16666666666666666,52.0,0.1153846153846154,1961.0,0.8582355940846507,36.0,7.0,0.19444444444444445,0.5897435897435898,1.0,26.0,0.6046511627906976,10.0,13.0,1.0,0,0.3246753246753247,0.3508771929824561
102,1,0,0.3888888888888889,0.4722222222222222,0.3043478260869565,35.0,0.2571428571428571,2247.0,0.8664886515353805,48.0,6.0,0.125,0.3157894736842105,0.0,17.0,0.53125,12.0,11.0,1.0,0,0.1923076923076923,0.3472222222222222
103,1,0,0.3384615384615385,0.4461538461538462,0.2325581395348837,24.0,0.16666666666666666,2307.0,0.8677936714347637,31.0,4.0,0.16129032258064516,0.425,0.0,18.0,0.4186046511627907,7.0,15.0,1.0,0,0.08333333333333333,0.35335689045936397
104,3,0,0.3809523809523809,0.42857142857142855,0.0,32.0,0.0625,1706.0,0.8323563892145369,21.0,4.0,0.19047619047619047,0.2857142857142857,1.0,22.0,0.6111111111111112,6.0,27.0,1.0,0,0.4807692307692307,0.3194888178913738
105,0,0,0.14634146341463414,0.4146341463414634,0.6666666666666666,35.0,0.14285714285714285,1753.0,0.8414147176269253,45.0,6.0,0.15555555555555556,0.37142857142857133,1.0,22.0,0.6111111111111112,10.0,21.0,1.0,0,0.08333333333333333,0.2958579881656805
106,2,0,0.3611111111111111,0.4166666666666667,0.35294117647058826,57.0,0.19298245614035087,1876.0,0.8555437100213221,38.0,2.0,0.05263157894736842,0.3076923076923077,0.0,14.0,0.4117647058823529,10.0,11.0,1.0,0,0.3508771929824561,0.3472222222222222
107,0,0,0.38461538461538464,0.6153846153846154,0.2222222222222222,52.0,0.3461538461538461,2535.0,0.9124260355029584,47.0,6.0,0.1276595744680851,0.25,1.0,8.0,0.4,3.0,9.0,1.0,0,0.2898550724637681,0.3663003663003663
108,3,0,0.18181818181818185,0.2272727272727273,0.4,41.0,0.14634146341463414,1406.0,0.8328591749644382,53.0,11.0,0.2075471698113208,0.32432432432432434,1.0,26.0,0.7027027027027027,13.0,21.0,1.0,0,0.39525691699604737,0.3448275862068966
109,0,0,0.36666666666666653,0.3333333333333333,0.0,36.0,0.08333333333333333,1573.0,0.8226319135410044,29.0,8.0,0.3448275862068966,0.24,0.0,17.0,0.5,6.0,13.0,1.0,0,0.25641025641025644,0.3663003663003663
110,2,0,0.2,0.4571428571428571,0.16666666666666666,44.0,0.1590909090909091,1838.0,0.8416757344940152,30.0,4.0,0.13333333333333333,0.3076923076923077,0.0,22.0,0.6111111111111112,11.0,15.0,1.0,0,0.4081632653061224,0.33003300330033003
111,3,0,0.2307692307692308,0.3333333333333333,0.5555555555555556,45.0,0.3333333333333333,1912.0,0.8483263598326359,33.0,4.0,0.12121212121212123,0.3947368421052632,1.0,15.0,0.5555555555555556,7.0,9.0,1.0,0,0.29411764705882354,0.42372881355932196
112,0,0,0.36666666666666653,0.3,0.16666666666666666,40.0,0.2,1716.0,0.8374125874125874,29.0,1.0,0.03448275862068965,0.3783783783783784,0.0,25.0,0.6097560975609756,12.0,19.0,1.0,0,0.35335689045936397,0.3846153846153846
113,1,0,0.2830188679245283,0.490566037735849,0.1,40.0,0.15,1882.0,0.8368756641870351,28.0,2.0,0.07142857142857142,0.2222222222222222,0.0,16.0,0.4705882352941176,5.0,11.0,1.0,0,0.3246753246753247,0.3597122302158273
114,1,0,0.13043478260869565,0.4782608695652174,0.625,40.0,0.15,1536.0,0.8170572916666666,20.0,1.0,0.05,0.3333333333333333,0.0,21.0,0.5526315789473685,13.0,8.0,1.0,0,0.47619047619047616,0.29850746268656714
115,2,0,0.18181818181818185,0.3636363636363637,0.5,48.0,0.20833333333333331,1322.0,0.7904689863842662,28.0,6.0,0.25,0.7058823529411765,0.0,11.0,0.6111111111111112,8.0,10.0,1.0,0,0.425531914893617,0.36363636363636365
116,0,0,0.30612244897959184,0.5918367346938775,0.3225806451612903,55.0,0.2545454545454545,2196.0,0.8624772313296903,35.0,6.0,0.17142857142857146,0.3584905660377358,1.0,42.0,0.7,23.0,31.0,1.0,0,0.11428571428571428,0.3105590062111801
117,1,0,0.2857142857142857,0.4489795918367347,0.8064516129032258,35.0,0.3142857142857143,2254.0,0.8868677905944987,33.0,5.0,0.15151515151515152,0.29411764705882354,1.0,40.0,0.6349206349206349,18.0,40.0,1.0,0,0.09090909090909091,0.3105590062111801
118,3,0,0.2857142857142857,0.3333333333333333,0.3333333333333333,39.0,0.1282051282051282,1426.0,0.7833099579242637,29.0,2.0,0.06896551724137931,0.4583333333333333,0.0,7.0,0.5384615384615384,3.0,4.0,1.0,0,0.4587155963302753,0.3508771929824561
119,2,0,0.32,0.24,0.2307692307692308,44.0,0.3636363636363637,2074.0,0.8601735776277725,44.0,7.0,0.1590909090909091,0.32608695652173914,1.0,16.0,0.5,11.0,18.0,1.0,0,0.11428571428571428,0.3508771929824561
120,2,0,0.26666666666666666,0.5777777777777777,0.6923076923076923,28.0,0.21428571428571427,2155.0,0.8719257540603248,32.0,7.0,0.25,0.2380952380952381,0.0,23.0,0.6388888888888888,8.0,7.0,1.0,1,0.27027027027027023,0.37453183520599254
121,1,0,0.2857142857142857,0.19047619047619047,0.2352941176470588,56.0,0.10714285714285714,1508.0,0.7917771883289124,47.0,6.0,0.1276595744680851,0.4166666666666667,0.0,10.0,0.5,6.0,8.0,1.0,0,0.4347826086956522,0.3472222222222222
122,3,0,0.2647058823529412,0.6176470588235294,0.17647058823529413,52.0,0.09615384615384616,1614.0,0.8023543990086741,49.0,7.0,0.14285714285714285,0.2564102564102564,1.0,25.0,0.6756756756756757,18.0,20.0,1.0,0,0.4444444444444444,0.33003300330033003
123,3,0,0.2456140350877193,0.4035087719298245,0.07407407407407407,44.0,0.2727272727272727,2379.0,0.8713745271122321,26.0,5.0,0.19230769230769232,0.5384615384615384,0.0,23.0,0.71875,12.0,16.0,1.0,0,0.4166666666666667,0.4
124,3,0,0.2,0.32,0.0,34.0,0.17647058823529413,1194.0,0.7428810720268006,40.0,3.0,0.075,0.5,0.0,32.0,0.6037735849056604,13.0,25.0,1.0,0,0.42372881355932196,0.33557046979865773
125,2,1,0.4137931034482759,0.5172413793103449,0.21052631578947367,37.0,0.16216216216216214,1488.0,0.8326612903225806,38.0,6.0,0.15789473684210525,0.2553191489361702,1.0,9.0,0.4090909090909091,5.0,6.0,1.0,0,0.3105590062111801,0.3225806451612903
126,0,1,0.21428571428571427,0.4761904761904762,0.8823529411764706,37.0,0.2432432432432433,2439.0,0.8769987699876999,38.0,2.0,0.05263157894736842,0.4444444444444444,0.0,16.0,0.4444444444444444,12.0,9.0,1.0,0,0.0975609756097561,0.33557046979865773
127,1,1,0.3076923076923077,0.5192307692307693,0.21739130434782608,36.0,0.25,2469.0,0.8991494532199271,28.0,2.0,0.07142857142857142,0.4,0.0,13.0,0.4814814814814815,4.0,8.0,1.0,0,0.22727272727272727,0.37453183520599254
128,3,1,0.3333333333333333,0.2916666666666667,0.19047619047619047,55.0,0.10909090909090907,1721.0,0.8012783265543288,22.0,3.0,0.13636363636363635,0.4230769230769231,1.0,17.0,0.6071428571428571,7.0,10.0,1.0,1,0.4739336492890995,0.3333333333333333
129,0,1,0.3617021276595745,0.5319148936170213,0.4848484848484849,42.0,0.09523809523809523,2239.0,0.8660116123269317,52.0,5.0,0.09615384615384616,0.32432432432432434,1.0,23.0,0.6764705882352942,13.0,19.0,1.0,1,0.23255813953488372,0.3663003663003663
130,0,1,0.275,0.5,0.10526315789473684,29.0,0.4137931034482759,2109.0,0.8715030820293979,28.0,5.0,0.17857142857142858,0.35,1.0,15.0,0.6,6.0,8.0,1.0,0,0.28169014084507044,0.37037037037037035
131,3,1,0.23404255319148934,0.2765957446808511,0.6153846153846154,33.0,0.3636363636363637,2256.0,0.8745567375886525,29.0,3.0,0.10344827586206896,0.5925925925925926,0.0,21.0,0.7,9.0,13.0,1.0,0,0.31545741324921134,0.4291845493562232
132,2,1,0.2903225806451613,0.2903225806451613,0.2,43.0,0.11627906976744184,1771.0,0.8560135516657256,37.0,8.0,0.2432432432432433,0.26666666666666666,0.0,22.0,0.6470588235294118,10.0,12.0,1.0,0,0.2898550724637681,0.38167938931297707
133,3,1,0.43478260869565216,0.4565217391304348,0.6666666666666666,26.0,0.2307692307692308,1959.0,0.8734047983665135,33.0,6.0,0.18181818181818185,0.5555555555555556,0.0,10.0,0.4545454545454545,3.0,7.0,1.0,0,0.41152263374485604,0.35714285714285715
134,1,1,0.1935483870967742,0.5483870967741935,0.1,51.0,0.2549019607843137,2138.0,0.8746492048643593,41.0,10.0,0.24390243902439024,0.37777777777777777,1.0,26.0,0.6341463414634146,12.0,13.0,1.0,0,0.11428571428571428,0.37735849056603776
135,1,1,0.30303030303030304,0.4545454545454545,0.07692307692307693,51.0,0.1176470588235294,2063.0,0.8691226369365003,42.0,3.0,0.07142857142857142,0.5333333333333333,0.0,20.0,0.6451612903225806,9.0,21.0,1.0,0,0.3125,0.37037037037037035
136,1,1,0.3928571428571429,0.32142857142857145,0.08333333333333333,44.0,0.06818181818181818,1441.0,0.7980569049271339,33.0,6.0,0.18181818181818185,0.28125,0.0,16.0,0.5925925925925926,6.0,10.0,1.0,0,0.4504504504504505,0.33557046979865773
137,1,1,0.425531914893617,0.3617021276595745,0.36,35.0,0.37142857142857133,2519.0,0.9174275506153236,34.0,2.0,0.05882352941176471,0.44642857142857145,1.0,10.0,0.4761904761904762,7.0,9.0,1.0,0,0.3663003663003663,0.4366812227074236
138,1,1,0.32432432432432434,0.32432432432432434,0.26666666666666666,48.0,0.14583333333333334,1698.0,0.8486454652532391,23.0,4.0,0.21739130434782608,0.4705882352941176,0.0,20.0,0.6451612903225806,9.0,7.0,1.0,0,0.3891050583657587,0.3921568627450981
139,0,1,0.1111111111111111,0.5925925925925926,0.125,50.0,0.1,1571.0,0.8058561425843411,42.0,4.0,0.09523809523809523,0.36666666666666653,0.0,15.0,0.6,8.0,10.0,1.0,0,0.42016806722689076,0.3597122302158273
140,1,1,0.275,0.55,0.6521739130434783,42.0,0.4523809523809524,2449.0,0.8868926092282564,38.0,4.0,0.10526315789473684,0.42424242424242425,1.0,18.0,0.6,6.0,13.0,1.0,0,0.3891050583657587,0.35714285714285715
141,3,1,0.38461538461538464,0.4615384615384616,0.32,45.0,0.13333333333333333,1856.0,0.8426724137931034,37.0,7.0,0.1891891891891892,0.4666666666666667,0.0,11.0,0.44,4.0,6.0,1.0,0,0.4587155963302753,0.33557046979865773
142,1,1,0.22641509433962265,0.490566037735849,0.16666666666666666,52.0,0.21153846153846154,2033.0,0.8701426463354648,29.0,3.0,0.10344827586206896,0.4848484848484849,0.0,9.0,0.45,3.0,12.0,1.0,0,0.15384615384615385,0.37735849056603776
143,0,1,0.372093023255814,0.3953488372093023,0.36,36.0,0.4166666666666667,2324.0,0.9010327022375216,43.0,6.0,0.13953488372093026,0.18604651162790695,1.0,14.0,0.5384615384615384,4.0,13.0,1.0,1,0.2597402597402597,0.38167938931297707
144,3,1,0.2333333333333333,0.3,0.7777777777777778,36.0,0.2777777777777778,2852.0,0.9081346423562412,45.0,4.0,0.08888888888888889,0.3103448275862069,0.0,17.0,0.6296296296296297,9.0,14.0,1.0,0,0.2597402597402597,0.40322580645161293
145,1,1,0.35,0.35,0.0,50.0,0.1,1742.0,0.8386911595866821,29.0,4.0,0.13793103448275862,0.4857142857142857,1.0,16.0,0.6153846153846154,11.0,14.0,1.0,0,0.3891050583657587,0.3891050583657587
146,1,1,0.2903225806451613,0.5806451612903226,0.5,39.0,0.2307692307692308,2302.0,0.8657688966116421,20.0,5.0,0.25,0.2631578947368421,0.0,13.0,0.4814814814814815,5.0,5.0,1.0,0,0.4081632653061224,0.4
147,3,1,0.3478260869565217,0.43478260869565216,0.25,57.0,0.2982456140350877,2516.0,0.8930842607313195,27.0,4.0,0.14814814814814814,0.5,0.0,13.0,0.6842105263157895,6.0,14.0,1.0,0,0.18181818181818182,0.4081632653061224
148,0,1,0.2835820895522388,0.4477611940298508,0.5,43.0,0.32558139534883723,2143.0,0.8777414839010733,47.0,8.0,0.1702127659574468,0.3636363636363637,0.0,20.0,0.5882352941176471,9.0,11.0,1.0,0,0.4504504504504505,0.3891050583657587
149,3,1,0.3235294117647059,0.5294117647058824,0.5555555555555556,37.0,0.2702702702702703,1562.0,0.8290653008962868,27.0,2.0,0.07407407407407407,0.4615384615384616,0.0,12.0,0.4444444444444444,9.0,17.0,1.0,1,0.4081632653061224,0.37453183520599254
150,1,1,0.2727272727272727,0.4545454545454545,0.48,46.0,0.2608695652173913,2014.0,0.8773584905660378,38.0,7.0,0.18421052631578946,0.4137931034482759,0.0,15.0,0.5172413793103449,8.0,10.0,1.0,0,0.3472222222222222,0.4166666666666667
151,2,1,0.325,0.4,0.15789473684210525,47.0,0.10638297872340426,1804.0,0.8348115299334812,36.0,7.0,0.19444444444444445,0.4705882352941176,1.0,16.0,0.5714285714285714,10.0,15.0,1.0,0,0.3105590062111801,0.4347826086956522
152,3,1,0.3809523809523809,0.4761904761904762,0.3333333333333333,41.0,0.17073170731707318,1823.0,0.829950630828305,41.0,6.0,0.14634146341463414,0.5135135135135135,0.0,18.0,0.6,8.0,19.0,1.0,0,0.2898550724637681,0.425531914893617
153,3,1,0.375,0.4166666666666667,0.4444444444444444,37.0,0.10810810810810813,1429.0,0.7886634009797061,38.0,6.0,0.15789473684210525,0.30303030303030304,1.0,20.0,0.6060606060606061,11.0,18.0,1.0,0,0.3105590062111801,0.4132231404958678
161,2,0,0.3333333333333333,0.3333333333333333,0.2777777777777778,55.0,0.07272727272727272,1414.0,0.8260254596888259,39.0,5.0,0.1282051282051282,0.3333333333333333,1.0,19.0,0.6129032258064516,11.0,12.0,1.0,0,0.39525691699604737,0.31545741324921134
169,3,0,0.2564102564102564,0.35897435897435903,0.4117647058823529,47.0,0.1276595744680851,1512.0,0.8406084656084656,47.0,11.0,0.23404255319148934,0.3142857142857143,1.0,27.0,0.6428571428571429,15.0,19.0,1.0,0,0.4,0.35714285714285715
170,0,0,0.37777777777777777,0.3111111111111111,0.2222222222222222,46.0,0.21739130434782608,1831.0,0.8525395958492626,35.0,4.0,0.11428571428571427,0.55,0.0,22.0,0.5641025641025641,11.0,27.0,1.0,0,0.15384615384615385,0.3412969283276451
171,3,0,0.2777777777777778,0.4444444444444444,0.3636363636363637,53.0,0.11320754716981132,1497.0,0.8316633266533067,27.0,5.0,0.1851851851851852,0.5517241379310345,0.0,18.0,0.5294117647058824,7.0,8.0,1.0,1,0.4366812227074236,0.3472222222222222
172,2,0,0.24390243902439024,0.36585365853658536,0.5,50.0,0.22,1829.0,0.8671405139420448,37.0,3.0,0.08108108108108109,0.4761904761904762,0.0,21.0,0.6,11.0,15.0,1.0,1,0.37735849056603776,0.4132231404958678
173,2,0,0.23214285714285715,0.44642857142857145,0.8,35.0,0.08571428571428573,2214.0,0.8943089430894309,28.0,4.0,0.14285714285714285,0.7692307692307693,0.0,29.0,0.4915254237288136,11.0,15.0,1.0,0,0.12903225806451613,0.37453183520599254
174,0,0,0.22857142857142854,0.42857142857142855,0.6764705882352942,31.0,0.25806451612903225,2459.0,0.9109394062627084,22.0,3.0,0.13636363636363635,0.4,0.0,29.0,0.6170212765957447,15.0,27.0,1.0,0,0.22727272727272727,0.4166666666666667
175,1,0,0.17391304347826084,0.39130434782608703,0.375,49.0,0.12244897959183673,1308.0,0.8409785932721713,41.0,11.0,0.2926829268292683,0.4666666666666667,1.0,23.0,0.46,7.0,16.0,1.0,1,0.37037037037037035,0.3412969283276451
176,1,0,0.2564102564102564,0.35897435897435903,0.4117647058823529,47.0,0.1276595744680851,1512.0,0.8406084656084656,39.0,3.0,0.07692307692307693,0.3793103448275862,0.0,19.0,0.5277777777777778,10.0,16.0,1.0,1,0.4366812227074236,0.3389830508474576
177,1,0,0.18604651162790695,0.3488372093023256,0.6666666666666666,54.0,0.2037037037037037,1736.0,0.8467741935483871,32.0,5.0,0.1875,0.6071428571428571,0.0,26.0,0.6341463414634146,16.0,14.0,1.0,0,0.425531914893617,0.31545741324921134
178,0,0,0.2,0.4666666666666667,0.5454545454545454,32.0,0.1875,1653.0,0.8360556563823351,22.0,4.0,0.18181818181818185,0.5,0.0,19.0,0.5757575757575758,10.0,10.0,1.0,0,0.4366812227074236,0.37037037037037035
179,2,0,0.2307692307692308,0.3076923076923077,0.0,47.0,0.1276595744680851,1520.0,0.8144736842105263,33.0,9.0,0.2727272727272727,0.4705882352941176,0.0,7.0,0.35,6.0,12.0,1.0,0,0.4587155963302753,0.2777777777777778
180,1,0,0.3617021276595745,0.3617021276595745,0.8888888888888888,60.0,0.25,2465.0,0.9229208924949291,34.0,5.0,0.14705882352941174,0.42857142857142855,0.0,36.0,0.5901639344262295,18.0,20.0,1.0,1,0.12903225806451613,0.37037037037037035
181,1,0,0.24444444444444444,0.37777777777777777,0.6470588235294118,47.0,0.2127659574468085,1638.0,0.8675213675213675,48.0,9.0,0.20833333333333331,0.48,0.0,16.0,0.5,10.0,10.0,1.0,0,0.37037037037037035,0.3846153846153846
182,2,0,0.3333333333333333,0.3333333333333333,0.7777777777777778,52.0,0.19230769230769232,1995.0,0.8646616541353384,31.0,3.0,0.0967741935483871,0.5405405405405406,1.0,15.0,0.5,5.0,15.0,1.0,0,0.33557046979865773,0.4098360655737705
183,3,0,0.38461538461538464,0.15384615384615385,0.2222222222222222,44.0,0.11363636363636365,1183.0,0.7726120033812341,40.0,10.0,0.25,0.40425531914893614,1.0,16.0,0.64,8.0,15.0,1.0,0,0.46511627906976744,0.30303030303030304
184,2,0,0.3333333333333333,0.3333333333333333,0.2777777777777778,55.0,0.07272727272727272,1414.0,0.8260254596888259,45.0,10.0,0.24444444444444444,0.4166666666666667,1.0,19.0,0.5588235294117647,8.0,13.0,1.0,0,0.2958579881656805,0.3436426116838488
185,3,0,0.2564102564102564,0.4615384615384616,0.4705882352941176,43.0,0.18604651162790695,1393.0,0.7896625987078248,50.0,7.0,0.14,0.35714285714285715,0.0,17.0,0.5483870967741935,9.0,15.0,1.0,0,0.3472222222222222,0.3436426116838488
186,0,0,0.2631578947368421,0.42105263157894735,0.5,23.0,0.21739130434782608,1840.0,0.8711956521739129,33.0,5.0,0.15151515151515152,0.6190476190476191,0.0,18.0,0.5,6.0,14.0,1.0,0,0.13793103448275862,0.3246753246753247
187,0,0,0.18181818181818185,0.4545454545454545,0.7272727272727273,35.0,0.22857142857142854,2250.0,0.8728888888888889,32.0,4.0,0.125,0.3333333333333333,0.0,13.0,0.4642857142857143,4.0,7.0,1.0,0,0.13333333333333333,0.36363636363636365
188,1,0,0.3035714285714285,0.5714285714285714,0.56,44.0,0.25,2059.0,0.8640116561437591,30.0,4.0,0.13333333333333333,0.631578947368421,0.0,15.0,0.5555555555555556,8.0,9.0,1.0,0,0.2898550724637681,0.42016806722689076
189,1,0,0.21428571428571427,0.4642857142857143,0.5833333333333334,45.0,0.04444444444444445,1156.0,0.7915224913494809,46.0,8.0,0.17391304347826084,0.3333333333333333,0.0,37.0,0.6379310344827587,17.0,24.0,1.0,0,0.4132231404958678,0.37037037037037035
190,1,0,0.21739130434782608,0.2608695652173913,0.4,38.0,0.2631578947368421,1962.0,0.8843017329255861,28.0,2.0,0.07142857142857142,0.4,0.0,11.0,0.4230769230769231,6.0,11.0,1.0,0,0.37735849056603776,0.38167938931297707
191,1,0,0.36,0.44,0.6956521739130435,48.0,0.4166666666666667,2262.0,0.8850574712643678,44.0,8.0,0.18181818181818185,0.3555555555555556,1.0,37.0,0.5522388059701493,16.0,26.0,1.0,0,0.06666666666666667,0.3436426116838488
192,2,0,0.29411764705882354,0.3235294117647059,0.3333333333333333,55.0,0.2545454545454545,1732.0,0.8579676674364896,47.0,10.0,0.2127659574468085,0.38461538461538464,0.0,26.0,0.6046511627906976,13.0,14.0,1.0,0,0.2857142857142857,0.3846153846153846
193,1,0,0.1794871794871795,0.4871794871794872,0.5625,48.0,0.125,1475.0,0.8427118644067797,40.0,5.0,0.125,0.42857142857142855,0.0,15.0,0.5,10.0,10.0,1.0,0,0.35335689045936397,0.3597122302158273
194,3,0,0.2916666666666667,0.6041666666666666,0.3,42.0,0.16666666666666666,2163.0,0.8562182154415164,51.0,9.0,0.17647058823529413,0.4571428571428571,1.0,21.0,0.5384615384615384,8.0,13.0,1.0,1,0.22727272727272727,0.4166666666666667
195,1,0,0.2380952380952381,0.4761904761904762,0.6,36.0,0.1111111111111111,1570.0,0.8356687898089172,47.0,11.0,0.2553191489361702,0.25,0.0,26.0,0.6842105263157895,11.0,13.0,1.0,0,0.41152263374485604,0.3436426116838488
196,1,0,0.3035714285714285,0.5357142857142857,0.5454545454545454,54.0,0.14814814814814814,1770.0,0.8485875706214692,26.0,1.0,0.038461538461538464,0.4545454545454545,0.0,28.0,0.56,17.0,12.0,1.0,1,0.3125,0.40322580645161293
197,2,0,0.2857142857142857,0.4523809523809524,0.07142857142857142,35.0,0.17142857142857146,1591.0,0.830923947203017,46.0,5.0,0.10869565217391304,0.3684210526315789,0.0,13.0,0.5,9.0,8.0,1.0,0,0.4444444444444444,0.39525691699604737
198,0,0,0.3548387096774194,0.3225806451612903,0.6111111111111112,33.0,0.09090909090909093,1489.0,0.8482202820685023,29.0,4.0,0.13793103448275862,0.5555555555555556,0.0,15.0,0.5357142857142857,9.0,10.0,1.0,0,0.4366812227074236,0.3663003663003663
199,2,0,0.4489795918367347,0.42857142857142855,0.3157894736842105,40.0,0.2,1968.0,0.8755081300813008,28.0,2.0,0.07142857142857142,0.5909090909090909,0.0,22.0,0.5116279069767442,8.0,37.0,1.0,1,0.23255813953488372,0.3891050583657587
200,2,0,0.2272727272727273,0.3863636363636364,0.3333333333333333,50.0,0.24,2068.0,0.8916827852998066,58.0,10.0,0.20689655172413796,0.38461538461538464,0.0,15.0,0.5555555555555556,7.0,6.0,1.0,0,0.10526315789473684,0.33557046979865773
201,2,0,0.2647058823529412,0.5294117647058824,0.125,46.0,0.21739130434782608,1576.0,0.8388324873096447,47.0,11.0,0.23404255319148934,0.3125,1.0,25.0,0.5681818181818182,15.0,22.0,1.0,0,0.29411764705882354,0.37037037037037035
202,3,0,0.35,0.3,0.0,56.0,0.2857142857142857,1826.0,0.8209200438116101,28.0,3.0,0.14285714285714285,0.5517241379310345,1.0,17.0,0.5666666666666667,7.0,19.0,0.0,0,0.4166666666666667,0.3663003663003663
203,2,0,0.27586206896551724,0.4137931034482759,0.0,45.0,0.2,1639.0,0.8090298962782184,38.0,6.0,0.18421052631578946,0.4074074074074074,0.0,14.0,0.5185185185185185,8.0,12.0,0.0,0,0.39525691699604737,0.3436426116838488
204,1,0,0.27586206896551724,0.3448275862068966,0.375,54.0,0.16666666666666666,1510.0,0.7907284768211921,35.0,3.0,0.08571428571428573,0.4117647058823529,0.0,8.0,0.4444444444444444,6.0,9.0,0.0,0,0.3125,0.38167938931297707
205,0,0,0.32142857142857145,0.35714285714285715,0.14285714285714285,46.0,0.17391304347826084,1653.0,0.8106473079249849,46.0,7.0,0.17391304347826084,0.6,0.0,26.0,0.7428571428571429,18.0,17.0,0.0,0,0.13333333333333333,0.3125
206,1,0,0.2380952380952381,0.2380952380952381,0.6153846153846154,33.0,0.2727272727272727,1650.0,0.8315151515151515,20.0,2.0,0.1,0.39130434782608703,0.0,22.0,0.5945945945945946,10.0,23.0,0.0,0,0.125,0.35335689045936397
207,1,0,0.39130434782608703,0.3478260869565217,0.42105263157894735,42.0,0.3333333333333333,1865.0,0.8219839142091153,33.0,7.0,0.24242424242424246,0.3157894736842105,0.0,11.0,0.5238095238095238,4.0,8.0,0.0,0,0.273972602739726,0.4098360655737705
208,1,0,0.25,0.4545454545454545,0.15384615384615385,34.0,0.2058823529411765,2020.0,0.8118811881188119,38.0,3.0,0.07894736842105263,0.3333333333333333,0.0,18.0,0.5142857142857142,8.0,16.0,0.0,0,0.03333333333333333,0.25
209,2,0,0.36,0.44,0.2,36.0,0.1388888888888889,1646.0,0.7551640340218712,37.0,5.0,0.13513513513513514,0.2727272727272727,0.0,16.0,0.6153846153846154,7.0,6.0,0.0,1,0.4347826086956522,0.3508771929824561
210,0,0,0.20833333333333331,0.4583333333333333,0.2857142857142857,49.0,0.20408163265306126,1685.0,0.8106824925816024,30.0,2.0,0.06666666666666668,0.37735849056603776,1.0,32.0,0.6274509803921569,19.0,20.0,0.0,0,0.14285714285714285,0.3389830508474576
211,1,0,0.15,0.375,0.2916666666666667,32.0,0.15625,2166.0,0.8185595567867036,35.0,6.0,0.17142857142857146,0.6363636363636364,1.0,9.0,0.5625,5.0,16.0,0.0,1,0.20833333333333334,0.35335689045936397
212,0,0,0.3877551020408163,0.4693877551020408,0.35294117647058826,40.0,0.2,2142.0,0.8543417366946778,34.0,7.0,0.2058823529411765,0.4074074074074074,0.0,11.0,0.4074074074074074,7.0,12.0,0.0,0,0.11764705882352941,0.36363636363636365
213,3,0,0.25,0.20833333333333331,0.2857142857142857,41.0,0.2926829268292683,1410.0,0.7794326241134751,30.0,3.0,0.1,0.4074074074074074,0.0,23.0,0.6388888888888888,7.0,11.0,0.0,0,0.4694835680751174,0.3448275862068966
214,0,0,0.42857142857142855,0.5357142857142857,0.0,37.0,0.1891891891891892,1865.0,0.8198391420911528,42.0,6.0,0.14285714285714285,0.38461538461538464,0.0,17.0,0.53125,7.0,18.0,0.0,0,0.22727272727272727,0.3389830508474576
215,0,0,0.28205128205128205,0.38461538461538464,0.55,54.0,0.2037037037037037,1995.0,0.825062656641604,35.0,9.0,0.2571428571428571,0.4642857142857143,0.0,28.0,0.7179487179487181,11.0,19.0,0.0,0,0.07692307692307693,0.3278688524590164
216,0,0,0.3225806451612903,0.41935483870967744,0.0,58.0,0.2413793103448276,2063.0,0.8405235094522541,33.0,5.0,0.15151515151515152,0.38235294117647056,1.0,22.0,0.5238095238095238,9.0,18.0,0.0,0,0.07142857142857142,0.31746031746031744
217,1,0,0.24390243902439024,0.3414634146341464,0.07142857142857142,52.0,0.1346153846153846,2194.0,0.8596171376481313,48.0,9.0,0.1875,0.35714285714285715,0.0,27.0,0.6136363636363636,15.0,13.0,0.0,0,0.11764705882352941,0.3508771929824561
218,1,0,0.2857142857142857,0.2380952380952381,0.09090909090909093,38.0,0.07894736842105263,1359.0,0.7748344370860927,35.0,6.0,0.17142857142857146,0.6363636363636364,1.0,9.0,0.5625,5.0,16.0,0.0,0,0.36363636363636365,0.3508771929824561
219,1,0,0.20833333333333331,0.4583333333333333,0.2857142857142857,49.0,0.20408163265306126,1685.0,0.8106824925816024,37.0,3.0,0.08108108108108109,0.4074074074074074,0.0,15.0,0.5172413793103449,7.0,9.0,0.0,0,0.2469135802469136,0.3663003663003663
220,2,0,0.3333333333333333,0.43333333333333335,0.25,52.0,0.3461538461538461,1716.0,0.7937062937062938,30.0,3.0,0.1,0.4074074074074074,0.0,23.0,0.6388888888888888,7.0,11.0,0.0,0,0.3891050583657587,0.37453183520599254
221,3,0,0.3877551020408163,0.4693877551020408,0.35294117647058826,40.0,0.2,2142.0,0.8543417366946778,36.0,8.0,0.2222222222222222,0.5384615384615384,0.0,41.0,0.6612903225806451,22.0,24.0,0.0,0,0.041666666666666664,0.3436426116838488
222,1,0,0.3333333333333333,0.42857142857142855,0.2222222222222222,32.0,0.09375,1294.0,0.8037094281298299,35.0,9.0,0.2571428571428571,0.4642857142857143,0.0,28.0,0.7179487179487181,11.0,19.0,0.0,0,0.14285714285714285,0.3436426116838488
223,0,0,0.42857142857142855,0.5357142857142857,0.0,37.0,0.1891891891891892,1865.0,0.8198391420911528,30.0,5.0,0.16666666666666666,0.15384615384615385,0.0,12.0,0.75,5.0,8.0,0.0,1,0.3076923076923077,0.3125
224,1,0,0.08695652173913042,0.3478260869565217,0.3333333333333333,41.0,0.17073170731707318,1221.0,0.7493857493857494,48.0,9.0,0.1875,0.35714285714285715,0.0,27.0,0.6136363636363636,15.0,13.0,0.0,0,0.4,0.3389830508474576
225,3,0,0.3225806451612903,0.41935483870967744,0.0,58.0,0.2413793103448276,2063.0,0.8405235094522541,36.0,3.0,0.1111111111111111,0.5454545454545454,0.0,10.0,0.5,5.0,12.0,0.0,0,0.2531645569620253,0.3389830508474576
226,2,0,0.3333333333333333,0.6410256410256411,0.14285714285714285,36.0,0.3333333333333333,2030.0,0.8694581280788177,38.0,6.0,0.18421052631578946,0.4074074074074074,0.0,14.0,0.5185185185185185,8.0,12.0,0.0,0,0.2617801047120419,0.38167938931297707
227,0,0,0.35,0.3,0.0,56.0,0.2857142857142857,1826.0,0.8209200438116101,56.0,5.0,0.08928571428571429,0.4666666666666667,0.0,17.0,0.5862068965517241,8.0,11.0,0.0,0,0.25,0.37453183520599254
228,0,0,0.2631578947368421,0.4473684210526316,0.27586206896551724,52.0,0.2692307692307692,2099.0,0.8489757027155789,46.0,7.0,0.17391304347826084,0.6,0.0,26.0,0.7428571428571429,18.0,17.0,0.0,0,0.1111111111111111,0.3436426116838488
229,3,0,0.27586206896551724,0.3448275862068966,0.375,54.0,0.16666666666666666,1510.0,0.7907284768211921,51.0,7.0,0.13725490196078433,0.3333333333333333,0.0,20.0,0.5405405405405406,7.0,20.0,0.0,0,0.2577319587628866,0.3663003663003663
230,2,0,0.21052631578947367,0.631578947368421,0.0,32.0,0.09375,1638.0,0.7991452991452992,33.0,7.0,0.24242424242424246,0.3157894736842105,0.0,11.0,0.5238095238095238,4.0,8.0,0.0,1,0.4504504504504505,0.3663003663003663
231,1,0,0.2380952380952381,0.2380952380952381,0.6153846153846154,33.0,0.2727272727272727,1650.0,0.8315151515151515,33.0,4.0,0.15151515151515152,0.4838709677419355,0.0,13.0,0.7647058823529411,6.0,13.0,0.0,0,0.36363636363636365,0.3846153846153846
232,2,0,0.5,0.5714285714285714,0.0,33.0,0.18181818181818185,1387.0,0.7144917087238645,37.0,5.0,0.13513513513513514,0.2727272727272727,0.0,16.0,0.6153846153846154,7.0,6.0,0.0,0,0.4444444444444444,0.2958579881656805
233,0,0,0.25,0.4545454545454545,0.15384615384615385,34.0,0.2058823529411765,2020.0,0.8118811881188119,23.0,4.0,0.17391304347826084,0.2857142857142857,0.0,23.0,0.5348837209302325,10.0,14.0,0.0,0,0.09523809523809523,0.09523809523809523
234,2,0,0.3333333333333333,0.2564102564102564,0.2352941176470588,43.0,0.3953488372093023,2505.0,0.8806387225548902,24.0,4.0,0.16666666666666666,0.32,0.0,20.0,0.5714285714285714,9.0,15.0,0.0,0,0.05,0.3125
235,3,0,0.2,0.32,0.0,43.0,0.16279069767441862,1387.0,0.8067772170151406,39.0,3.0,0.07692307692307693,0.5185185185185185,1.0,13.0,0.5652173913043478,5.0,12.0,0.0,1,0.3225806451612903,0.37735849056603776
236,0,0,0.3055555555555556,0.3333333333333333,0.10526315789473684,54.0,0.2037037037037037,1605.0,0.7757009345794392,42.0,7.0,0.16666666666666666,0.3928571428571429,0.0,22.0,0.55,8.0,29.0,0.0,0,0.30303030303030304,0.3508771929824561
237,2,0,0.2333333333333333,0.4,0.0,46.0,0.1956521739130435,1671.0,0.8037103530819868,38.0,3.0,0.07894736842105263,0.3888888888888889,0.0,8.0,0.5,6.0,4.0,0.0,0,0.26666666666666666,0.37735849056603776
238,0,0,0.4583333333333333,0.4583333333333333,0.3333333333333333,45.0,0.3111111111111111,2021.0,0.8525482434438397,25.0,3.0,0.16,0.5384615384615384,0.0,16.0,0.5925925925925926,8.0,10.0,0.0,0,0.1111111111111111,0.38167938931297707
239,1,0,0.3157894736842105,0.3157894736842105,0.5,45.0,0.24444444444444444,1607.0,0.8008711885500933,28.0,2.0,0.07142857142857142,0.4615384615384616,0.0,25.0,0.5434782608695652,11.0,23.0,0.0,1,0.1111111111111111,0.37037037037037035
240,0,0,0.35714285714285715,0.44642857142857145,0.3684210526315789,33.0,0.30303030303030304,2654.0,0.8620949510173324,27.0,6.0,0.2222222222222222,0.5333333333333333,0.0,13.0,0.6190476190476191,3.0,7.0,0.0,0,0.13333333333333333,0.3389830508474576
241,0,0,0.375,0.375,0.0,34.0,0.1176470588235294,1384.0,0.7182080924855492,37.0,7.0,0.1891891891891892,0.24,0.0,32.0,0.6153846153846154,19.0,19.0,0.0,1,0.14285714285714285,0.3333333333333333
242,0,0,0.2571428571428571,0.4,0.2352941176470588,46.0,0.17391304347826084,1501.0,0.7634910059960026,34.0,4.0,0.1176470588235294,0.6785714285714286,0.0,11.0,0.5,4.0,15.0,0.0,0,0.16666666666666666,0.38167938931297707
243,1,0,0.11428571428571427,0.2571428571428571,0.2352941176470588,39.0,0.1794871794871795,2105.0,0.8190023752969121,32.0,3.0,0.09375,0.4406779661016949,1.0,31.0,0.5961538461538461,21.0,22.0,0.0,0,0.11764705882352941,0.3436426116838488
244,2,0,0.2833333333333333,0.43333333333333335,0.2727272727272727,39.0,0.20512820512820512,2053.0,0.8611787627861666,34.0,8.0,0.2352941176470588,0.5161290322580645,1.0,12.0,0.4137931034482759,4.0,10.0,0.0,0,0.1724137931034483,0.41152263374485604
245,0,0,0.20833333333333331,0.2916666666666667,0.375,44.0,0.3636363636363637,1610.0,0.8291925465838509,38.0,7.0,0.18421052631578946,0.3448275862068966,1.0,9.0,0.39130434782608703,4.0,10.0,0.0,0,0.3333333333333333,0.38167938931297707
246,2,0,0.43478260869565216,0.3478260869565217,0.0,43.0,0.18604651162790695,1541.0,0.7741726151849448,26.0,2.0,0.07692307692307693,0.5294117647058824,0.0,18.0,0.72,13.0,8.0,0.0,0,0.31746031746031744,0.3389830508474576
247,0,0,0.30612244897959184,0.42857142857142855,0.5,60.0,0.21666666666666667,1837.0,0.8094719651605881,49.0,8.0,0.16326530612244894,0.4166666666666667,0.0,22.0,0.5365853658536586,12.0,17.0,0.0,0,0.07692307692307693,0.3125
248,0,0,0.2564102564102564,0.4871794871794872,0.1,41.0,0.2926829268292683,1545.0,0.7695792880258899,34.0,4.0,0.1176470588235294,0.3333333333333333,0.0,11.0,0.4782608695652174,6.0,9.0,0.0,1,0.2222222222222222,0.39525691699604737
249,0,0,0.2058823529411765,0.29411764705882354,0.08333333333333333,51.0,0.19607843137254904,2269.0,0.8633759365359189,38.0,6.0,0.18421052631578946,0.2894736842105263,1.0,29.0,0.5918367346938775,15.0,21.0,0.0,0,0.037037037037037035,0.2898550724637681
250,3,1,0.4,0.2333333333333333,0.5,50.0,0.22,1804.0,0.8292682926829268,33.0,5.0,0.15151515151515152,0.7307692307692307,0.0,10.0,0.5263157894736842,4.0,15.0,0.0,0,0.14814814814814814,0.37453183520599254
251,1,1,0.2542372881355932,0.42372881355932196,0.2916666666666667,40.0,0.15,2278.0,0.8652326602282704,49.0,3.0,0.061224489795918366,0.3333333333333333,0.0,7.0,0.3888888888888889,6.0,6.0,0.0,0,0.14285714285714285,0.37735849056603776
252,0,1,0.28205128205128205,0.3333333333333333,0.21052631578947367,49.0,0.3877551020408163,2382.0,0.8602015113350125,43.0,9.0,0.2325581395348837,0.3333333333333333,0.0,16.0,0.5925925925925926,7.0,10.0,0.0,0,0.30303030303030304,0.38167938931297707
253,1,1,0.2857142857142857,0.2857142857142857,0.25,48.0,0.3125,2273.0,0.8473383194016718,30.0,6.0,0.2,0.5714285714285714,0.0,21.0,0.5833333333333334,13.0,18.0,0.0,0,0.1111111111111111,0.3436426116838488
254,0,1,0.1891891891891892,0.3783783783783784,0.0,54.0,0.12962962962962962,1637.0,0.7843616371411118,29.0,5.0,0.1724137931034483,0.4722222222222222,1.0,12.0,0.4615384615384616,3.0,5.0,0.0,1,0.30303030303030304,0.37735849056603776
255,1,1,0.375,0.40625,0.25,28.0,0.32142857142857145,2656.0,0.8648343373493976,46.0,5.0,0.10869565217391304,0.5384615384615384,1.0,16.0,0.5333333333333333,10.0,11.0,0.0,0,0.10526315789473684,0.3436426116838488
256,2,1,0.3018867924528302,0.490566037735849,0.5652173913043478,50.0,0.2,1832.0,0.7669213973799127,39.0,11.0,0.3076923076923077,0.4516129032258064,0.0,14.0,0.4827586206896552,8.0,19.0,0.0,0,0.26666666666666666,0.3278688524590164
257,3,1,0.30303030303030304,0.5151515151515151,0.21428571428571427,50.0,0.18,1497.0,0.7441549766199065,20.0,5.0,0.25,0.3,0.0,9.0,0.75,1.0,3.0,0.0,1,0.27548209366391185,0.3389830508474576
258,1,1,0.2916666666666667,0.5416666666666666,0.2352941176470588,46.0,0.2826086956521739,2605.0,0.8967370441458733,27.0,5.0,0.1851851851851852,0.5,0.0,6.0,0.4,5.0,9.0,0.0,0,0.15151515151515152,0.41152263374485604
259,0,1,0.2962962962962963,0.3703703703703704,0.5,24.0,0.16666666666666666,1495.0,0.7678929765886288,35.0,7.0,0.22857142857142854,0.4705882352941176,1.0,18.0,0.5,10.0,13.0,0.0,0,0.30303030303030304,0.39525691699604737
260,1,1,0.2954545454545455,0.4545454545454545,0.1875,56.0,0.14285714285714285,1813.0,0.7909542195256482,34.0,5.0,0.17647058823529413,0.5555555555555556,0.0,22.0,0.6666666666666666,11.0,15.0,0.0,0,0.2958579881656805,0.42372881355932196
261,3,1,0.3333333333333333,0.2380952380952381,0.25925925925925924,43.0,0.2790697674418605,1999.0,0.8499249624812406,34.0,4.0,0.1176470588235294,0.375,0.0,15.0,0.5769230769230769,7.0,9.0,0.0,0,0.3076923076923077,0.42372881355932196
262,0,1,0.30303030303030304,0.3333333333333333,0.35714285714285715,54.0,0.12962962962962962,2126.0,0.8532455315145814,37.0,5.0,0.13513513513513514,0.375,0.0,19.0,0.76,13.0,8.0,0.0,0,0.14925373134328357,0.3389830508474576
263,0,1,0.24444444444444444,0.4888888888888889,0.2857142857142857,30.0,0.13333333333333333,1999.0,0.8109054527263632,41.0,4.0,0.0975609756097561,0.3333333333333333,1.0,13.0,0.3939393939393939,7.0,14.0,0.0,0,0.13333333333333333,0.36363636363636365
264,0,1,0.3793103448275862,0.3448275862068966,0.4444444444444444,48.0,0.22916666666666666,2270.0,0.8885462555066079,43.0,4.0,0.09302325581395347,0.5833333333333334,0.0,18.0,0.6428571428571429,8.0,13.0,0.0,0,0.08695652173913043,0.35335689045936397
265,3,1,0.2,0.35,0.1,32.0,0.34375,2116.0,0.8766540642722117,27.0,2.0,0.07407407407407407,0.5,0.0,8.0,0.6666666666666666,3.0,4.0,0.0,0,0.3508771929824561,0.4
266,0,1,0.4,0.45,0.2857142857142857,33.0,0.12121212121212123,1683.0,0.7896613190730838,25.0,2.0,0.08,0.4,0.0,22.0,0.55,9.0,19.0,0.0,0,0.07692307692307693,0.28169014084507044
267,3,1,0.3235294117647059,0.4411764705882353,0.25,43.0,0.2558139534883721,2384.0,0.8754194630872483,37.0,11.0,0.2972972972972973,0.5652173913043478,0.0,11.0,0.5789473684210527,5.0,19.0,0.0,0,0.14814814814814814,0.39525691699604737
268,2,1,0.3207547169811321,0.5283018867924528,0.3181818181818182,32.0,0.15625,2684.0,0.8643815201192251,27.0,6.0,0.2222222222222222,0.4482758620689655,0.0,16.0,0.6153846153846154,8.0,8.0,0.0,0,0.1724137931034483,0.3891050583657587
269,0,1,0.275,0.35,0.45,43.0,0.11627906976744184,2290.0,0.8663755458515284,30.0,7.0,0.2333333333333333,0.45,0.0,17.0,0.85,8.0,5.0,0.0,0,0.2724795640326976,0.37453183520599254
270,2,1,0.2682926829268293,0.36585365853658536,0.4666666666666667,47.0,0.1914893617021277,1935.0,0.8444444444444444,33.0,4.0,0.12121212121212123,0.3448275862068966,1.0,10.0,0.5,1.0,8.0,0.0,0,0.28169014084507044,0.425531914893617
271,0,1,0.25,0.3928571428571429,0.26666666666666666,50.0,0.28,2497.0,0.8782539046856227,35.0,4.0,0.11428571428571427,0.42857142857142855,0.0,8.0,0.5333333333333333,4.0,5.0,0.0,0,0.13333333333333333,0.3891050583657587
272,1,1,0.16666666666666666,0.3333333333333333,0.25,25.0,0.12,1060.0,0.6745283018867925,24.0,6.0,0.25,0.36,0.0,29.0,0.6590909090909091,17.0,16.0,0.0,0,0.35714285714285715,0.35335689045936397
273,1,1,0.13793103448275862,0.4137931034482759,0.35714285714285715,55.0,0.18181818181818185,1354.0,0.7887740029542097,38.0,7.0,0.18421052631578946,0.4444444444444444,0.0,15.0,0.7142857142857143,7.0,14.0,0.0,0,0.31746031746031744,0.4347826086956522
274,2,1,0.18181818181818185,0.4545454545454545,0.3,43.0,0.09302325581395347,1113.0,0.784366576819407,47.0,6.0,0.1276595744680851,0.39130434782608703,0.0,12.0,0.4444444444444444,7.0,10.0,0.0,0,0.29850746268656714,0.35714285714285715
275,0,1,0.3125,0.4166666666666667,0.5384615384615384,46.0,0.1956521739130435,2005.0,0.8503740648379052,25.0,5.0,0.2,0.375,0.0,24.0,0.6486486486486487,15.0,11.0,0.0,0,0.16129032258064516,0.3508771929824561
276,1,1,0.28125,0.28125,0.1875,35.0,0.14285714285714285,1802.0,0.8129855715871254,22.0,3.0,0.13636363636363635,0.6666666666666666,0.0,18.0,0.45,12.0,27.0,0.0,0,0.273972602739726,0.4081632653061224
277,1,1,0.2972972972972973,0.4594594594594595,0.2307692307692308,40.0,0.15,1709.0,0.8004681100058514,36.0,8.0,0.2222222222222222,0.4838709677419355,0.0,17.0,0.5862068965517241,7.0,16.0,0.0,0,0.15384615384615385,0.35714285714285715
278,3,1,0.3870967741935484,0.3548387096774194,0.25,40.0,0.125,1390.0,0.7625899280575541,24.0,4.0,0.16666666666666666,0.5,0.0,15.0,0.46875,11.0,21.0,0.0,0,0.28169014084507044,0.35714285714285715
284,0,0,0.3611111111111111,0.4166666666666667,0.35294117647058826,57.0,0.19298245614035087,1876.0,0.8555437100213221,30.0,3.0,0.1,0.2,0.0,16.0,0.5161290322580645,6.0,8.0,0.0,0,0.27027027027027023,0.39525691699604737
288,0,0,0.3220338983050847,0.4406779661016949,0.4583333333333333,35.0,0.17142857142857146,2175.0,0.8501149425287357,30.0,3.0,0.1,0.275,1.0,36.0,0.5806451612903226,17.0,24.0,0.0,0,0.02857142857142857,0.2958579881656805
290,1,0,0.2380952380952381,0.42857142857142855,0.42857142857142855,51.0,0.19607843137254904,1663.0,0.8580877931449188,42.0,9.0,0.21428571428571427,0.4523809523809524,1.0,12.0,0.5217391304347826,7.0,16.0,0.0,0,0.12121212121212122,0.36363636363636365
295,1,0,0.2413793103448276,0.3103448275862069,0.3333333333333333,35.0,0.08571428571428573,1616.0,0.8143564356435643,30.0,3.0,0.1,0.275,1.0,36.0,0.5806451612903226,17.0,24.0,0.0,0,0.07692307692307693,0.3194888178913738
296,3,0,0.2727272727272727,0.4545454545454545,0.8076923076923077,36.0,0.2222222222222222,2225.0,0.8714606741573033,36.0,5.0,0.16666666666666666,0.32,0.0,7.0,0.5384615384615384,4.0,5.0,0.0,0,0.3003003003003003,0.4081632653061224
297,0,0,0.38461538461538464,0.5128205128205128,0.7142857142857143,31.0,0.3225806451612903,2394.0,0.8868003341687553,42.0,9.0,0.21428571428571427,0.4523809523809524,1.0,12.0,0.5217391304347826,7.0,16.0,0.0,1,0.041666666666666664,0.31746031746031744
298,0,0,0.3333333333333333,0.26666666666666666,0.25,45.0,0.3333333333333333,2067.0,0.8626028059990324,31.0,8.0,0.2903225806451613,0.19047619047619047,0.0,25.0,0.625,9.0,15.0,0.0,0,0.125,0.37453183520599254
299,3,0,0.20689655172413796,0.6206896551724138,0.2222222222222222,52.0,0.17307692307692307,1617.0,0.8113790970933829,35.0,5.0,0.14285714285714285,0.5357142857142857,0.0,11.0,0.5789473684210527,6.0,9.0,0.0,0,0.28169014084507044,0.41152263374485604
300,1,0,0.2727272727272727,0.2727272727272727,0.16666666666666666,49.0,0.1020408163265306,1444.0,0.7804709141274239,45.0,8.0,0.17777777777777778,0.25,0.0,23.0,0.6052631578947368,16.0,18.0,0.0,0,0.2898550724637681,0.3508771929824561
301,3,0,0.2307692307692308,0.3461538461538461,0.125,39.0,0.28205128205128205,1313.0,0.7585681645087585,32.0,5.0,0.15625,0.5,0.0,19.0,0.6785714285714286,11.0,16.0,0.0,0,0.4672897196261683,0.3246753246753247
302,2,0,0.19444444444444445,0.4444444444444444,0.15384615384615385,49.0,0.3673469387755102,2287.0,0.8727590730214254,41.0,5.0,0.14634146341463414,0.5714285714285714,0.0,23.0,0.5348837209302325,12.0,22.0,0.0,0,0.23255813953488372,0.4166666666666667
303,0,0,0.2894736842105263,0.3157894736842105,0.125,38.0,0.13157894736842105,1584.0,0.8080808080808081,25.0,7.0,0.36,0.3636363636363637,0.0,18.0,0.5625,6.0,13.0,0.0,0,0.21052631578947367,0.3508771929824561
304,0,0,0.3461538461538461,0.19230769230769232,0.16666666666666666,36.0,0.1111111111111111,1470.0,0.8115646258503402,29.0,4.0,0.13793103448275862,0.2,0.0,16.0,0.4848484848484849,8.0,12.0,0.0,0,0.3436426116838488,0.3472222222222222
305,2,0,0.3448275862068966,0.3103448275862069,0.3,37.0,0.16216216216216214,1420.0,0.8056338028169014,34.0,6.0,0.17647058823529413,0.4411764705882353,1.0,11.0,0.5,5.0,5.0,0.0,0,0.4444444444444444,0.35335689045936397
306,1,0,0.2307692307692308,0.3461538461538461,0.6666666666666666,41.0,0.36585365853658536,2089.0,0.861656294877932,23.0,3.0,0.13043478260869565,0.5277777777777778,0.0,26.0,0.65,13.0,19.0,0.0,0,0.05555555555555555,0.3194888178913738
307,3,0,0.1111111111111111,0.4074074074074074,0.375,38.0,0.10526315789473684,1646.0,0.8359659781287971,30.0,3.0,0.1,0.2,0.0,16.0,0.5161290322580645,6.0,8.0,0.0,0,0.4366812227074236,0.2958579881656805
308,0,0,0.36585365853658536,0.4390243902439024,0.2,36.0,0.16666666666666666,1798.0,0.8303670745272526,24.0,2.0,0.08333333333333333,0.37142857142857133,1.0,25.0,0.5681818181818182,13.0,12.0,0.0,0,0.18761726078799248,0.3472222222222222
309,0,0,0.39130434782608703,0.5217391304347826,0.35714285714285715,49.0,0.2857142857142857,1878.0,0.8615548455804047,28.0,6.0,0.25,0.5,0.0,20.0,0.8,11.0,10.0,0.0,0,0.2597402597402597,0.3663003663003663
310,1,0,0.2608695652173913,0.5217391304347826,0.5,48.0,0.20833333333333331,1427.0,0.8121934127540295,38.0,6.0,0.15789473684210525,0.2826086956521739,1.0,31.0,0.6458333333333334,15.0,20.0,0.0,0,0.13793103448275862,0.3448275862068966
311,2,0,0.14285714285714285,0.5,0.2,51.0,0.09803921568627452,1714.0,0.8232205367561259,45.0,5.0,0.1111111111111111,0.4375,0.0,12.0,0.4444444444444444,11.0,6.0,0.0,0,0.2898550724637681,0.3663003663003663
312,1,0,0.3888888888888889,0.5277777777777778,0.2,31.0,0.4516129032258064,2186.0,0.868252516010979,36.0,6.0,0.16666666666666666,0.4883720930232558,1.0,24.0,0.75,9.0,15.0,0.0,0,0.125,0.33003300330033003
313,1,0,0.3478260869565217,0.4565217391304348,0.14705882352941174,33.0,0.30303030303030304,2197.0,0.8625398270368685,30.0,3.0,0.1,0.2564102564102564,1.0,19.0,0.5428571428571428,5.0,27.0,0.0,0,0.273972602739726,0.42372881355932196
314,1,0,0.2916666666666667,0.2916666666666667,0.1111111111111111,37.0,0.08108108108108109,1913.0,0.8520648196549921,35.0,2.0,0.057142857142857134,0.372093023255814,1.0,17.0,0.4722222222222222,9.0,9.0,0.0,0,0.2,0.3846153846153846
315,1,0,0.2380952380952381,0.35714285714285715,0.5,30.0,0.06666666666666668,1645.0,0.841337386018237,39.0,5.0,0.15384615384615385,0.40540540540540543,0.0,13.0,0.4814814814814815,8.0,8.0,0.0,0,0.2222222222222222,0.3597122302158273
316,0,0,0.4166666666666667,0.3611111111111111,0.17647058823529413,50.0,0.22,1850.0,0.8567567567567568,49.0,8.0,0.20408163265306126,0.4166666666666667,1.0,33.0,0.6,14.0,26.0,0.0,0,0.05555555555555555,0.29850746268656714
317,0,0,0.3584905660377358,0.5849056603773585,0.25,46.0,0.2826086956521739,2515.0,0.9009940357852882,52.0,11.0,0.21153846153846154,0.40540540540540543,1.0,30.0,0.7142857142857143,15.0,24.0,0.0,0,0.11764705882352941,0.36363636363636365
318,2,0,0.17647058823529413,0.2352941176470588,0.3,39.0,0.07692307692307693,1122.0,0.8083778966131907,40.0,4.0,0.1,0.3,1.0,8.0,0.3809523809523809,4.0,6.0,0.0,0,0.41152263374485604,0.3105590062111801
319,1,0,0.2,0.35,0.5,31.0,0.1935483870967742,1257.0,0.7820206841686556,27.0,4.0,0.14814814814814814,0.2857142857142857,1.0,14.0,0.5,8.0,5.0,0.0,0,0.4444444444444444,0.3105590062111801
320,0,0,0.3392857142857143,0.5714285714285714,0.3548387096774194,33.0,0.12121212121212123,2537.0,0.8754434371304691,30.0,6.0,0.2,0.36,1.0,25.0,0.5952380952380952,12.0,22.0,0.0,0,0.08333333333333333,0.3508771929824561
321,1,0,0.5384615384615384,0.15384615384615385,0.14285714285714285,45.0,0.26666666666666666,1738.0,0.8314154200230149,28.0,6.0,0.21428571428571427,0.372093023255814,1.0,24.0,0.6857142857142857,13.0,13.0,0.0,0,0.42372881355932196,0.3508771929824561
322,1,0,0.2,0.5333333333333333,0.25,48.0,0.20833333333333331,1759.0,0.8533257532689028,37.0,4.0,0.10810810810810813,0.38235294117647056,1.0,17.0,0.7391304347826086,8.0,11.0,0.0,1,0.2777777777777778,0.37453183520599254
323,2,0,0.2,0.37777777777777777,0.4444444444444444,46.0,0.2391304347826087,1913.0,0.8102456874019864,35.0,8.0,0.22857142857142854,0.4146341463414634,1.0,22.0,0.5238095238095238,11.0,15.0,0.0,0,0.1111111111111111,0.3472222222222222
324,2,0,0.25,0.5357142857142857,0.2222222222222222,47.0,0.06382978723404255,1397.0,0.7659269863994274,44.0,7.0,0.1590909090909091,0.4473684210526316,1.0,18.0,0.6206896551724138,9.0,18.0,0.0,0,0.09302325581395349,0.33003300330033003
325,2,0,0.4313725490196079,0.5294117647058824,0.3076923076923077,40.0,0.125,2190.0,0.8776255707762557,28.0,5.0,0.17857142857142858,0.5454545454545454,0.0,14.0,0.6086956521739131,4.0,9.0,0.0,0,0.13333333333333333,0.4
326,0,0,0.2727272727272727,0.5454545454545454,0.13333333333333333,36.0,0.2222222222222222,1584.0,0.8402777777777778,37.0,8.0,0.21621621621621626,0.3142857142857143,1.0,33.0,0.5689655172413793,21.0,26.0,0.0,0,0.11428571428571428,0.33557046979865773
327,2,1,0.30952380952380953,0.5714285714285714,0.3181818181818182,53.0,0.2075471698113208,1845.0,0.8444444444444444,38.0,2.0,0.05263157894736842,0.5,0.0,30.0,0.6818181818181818,12.0,28.0,0.0,0,0.2173913043478261,0.3225806451612903
328,3,1,0.40625,0.3125,0.0,42.0,0.047619047619047616,1456.0,0.8056318681318682,37.0,7.0,0.1891891891891892,0.28125,0.0,16.0,0.6956521739130435,7.0,12.0,0.0,0,0.4347826086956522,0.33557046979865773
329,1,1,0.35,0.35,0.6666666666666666,19.0,0.05263157894736842,1716.0,0.8618881118881119,28.0,7.0,0.2857142857142857,0.5416666666666666,0.0,8.0,0.42105263157894735,4.0,9.0,0.0,0,0.3194888178913738,0.37453183520599254
330,0,1,0.2888888888888889,0.4444444444444444,0.2222222222222222,43.0,0.2790697674418605,2267.0,0.878253198059109,42.0,8.0,0.19047619047619047,0.425,1.0,18.0,0.5806451612903226,9.0,9.0,0.0,1,0.05,0.3333333333333333
331,3,1,0.13043478260869565,0.4782608695652174,0.0,47.0,0.06382978723404255,1352.0,0.7596153846153846,37.0,3.0,0.08108108108108109,0.4074074074074074,0.0,9.0,0.5294117647058824,4.0,8.0,0.0,1,0.3194888178913738,0.3663003663003663
332,0,1,0.2727272727272727,0.5151515151515151,0.7826086956521741,41.0,0.3902439024390244,2242.0,0.8809099018733274,39.0,5.0,0.1282051282051282,0.3448275862068966,0.0,19.0,0.5757575757575758,9.0,16.0,0.0,0,0.273972602739726,0.37037037037037035
333,1,1,0.3673469387755102,0.4693877551020408,0.36,43.0,0.2558139534883721,2335.0,0.8942184154175589,29.0,2.0,0.06896551724137931,0.38461538461538464,1.0,11.0,0.44,3.0,11.0,0.0,0,0.2531645569620253,0.4291845493562232
334,1,1,0.25,0.4375,0.2352941176470588,52.0,0.21153846153846154,1811.0,0.8453892876863611,26.0,3.0,0.15384615384615385,0.3636363636363637,0.0,23.0,0.575,12.0,8.0,0.0,0,0.27027027027027023,0.38167938931297707
335,0,1,0.2619047619047619,0.3333333333333333,0.21052631578947367,37.0,0.2972972972972973,2406.0,0.8840399002493765,30.0,2.0,0.06666666666666668,0.42105263157894735,0.0,12.0,0.48,6.0,10.0,0.0,0,0.13333333333333333,0.35714285714285715
336,3,1,0.4482758620689655,0.3103448275862069,0.15,59.0,0.15254237288135594,1798.0,0.8175750834260289,34.0,7.0,0.2058823529411765,0.3793103448275862,1.0,20.0,0.6451612903225806,6.0,11.0,0.0,0,0.4366812227074236,0.37735849056603776
337,2,1,0.4444444444444444,0.4722222222222222,0.4,34.0,0.2058823529411765,1882.0,0.8607863974495218,35.0,5.0,0.14285714285714285,0.2368421052631579,0.0,12.0,0.48,5.0,11.0,0.0,0,0.2469135802469136,0.37037037037037035
338,2,1,0.13513513513513514,0.40540540540540543,0.8333333333333334,36.0,0.2222222222222222,2596.0,0.8902157164869029,32.0,5.0,0.15625,0.4,0.0,22.0,0.4489795918367347,14.0,17.0,0.0,0,0.08333333333333333,0.33557046979865773
339,2,1,0.3404255319148936,0.23404255319148934,0.4375,37.0,0.35135135135135137,2261.0,0.8823529411764706,20.0,2.0,0.1,0.5555555555555556,1.0,18.0,0.72,9.0,8.0,0.0,0,0.2173913043478261,0.4366812227074236
340,0,1,0.3055555555555556,0.4166666666666667,0.3333333333333333,44.0,0.09090909090909093,1864.0,0.8449570815450643,32.0,4.0,0.125,0.3888888888888889,1.0,20.0,0.5882352941176471,11.0,16.0,0.0,0,0.17391304347826086,0.3921568627450981
341,0,1,0.3333333333333333,0.5555555555555556,0.5357142857142857,42.0,0.16666666666666666,2044.0,0.8522504892367906,44.0,4.0,0.11363636363636365,0.5,0.0,15.0,0.5555555555555556,8.0,15.0,0.0,0,0.125,0.3597122302158273
342,2,1,0.2790697674418605,0.5813953488372093,0.10526315789473684,32.0,0.28125,2112.0,0.8787878787878788,25.0,3.0,0.12,0.4,0.0,14.0,0.5833333333333334,7.0,9.0,0.0,0,0.15384615384615385,0.35714285714285715
343,1,1,0.21428571428571427,0.32142857142857145,0.2727272727272727,46.0,0.3043478260869565,2613.0,0.8982013011863759,27.0,5.0,0.2222222222222222,0.42105263157894735,0.0,19.0,0.6551724137931034,9.0,12.0,0.0,0,0.07692307692307693,0.33557046979865773
344,2,1,0.3090909090909091,0.509090909090909,0.5925925925925926,52.0,0.4423076923076923,2413.0,0.8885205138831329,41.0,8.0,0.1951219512195122,0.3461538461538461,0.0,16.0,0.5925925925925926,4.0,9.0,0.0,0,0.39525691699604737,0.37735849056603776
345,3,1,0.36,0.36,0.0,44.0,0.11363636363636365,1653.0,0.8445251058681186,28.0,3.0,0.10714285714285714,0.4838709677419355,0.0,20.0,0.6666666666666666,12.0,11.0,0.0,1,0.29411764705882354,0.38167938931297707
346,0,1,0.3076923076923077,0.5384615384615384,0.75,46.0,0.17391304347826084,1784.0,0.8408071748878924,26.0,7.0,0.2692307692307692,0.3181818181818182,0.0,14.0,0.5,5.0,9.0,0.0,0,0.3105590062111801,0.40322580645161293
347,3,1,0.3333333333333333,0.4705882352941176,0.3928571428571429,39.0,0.3076923076923077,2228.0,0.8895870736086176,43.0,8.0,0.18604651162790695,0.2826086956521739,1.0,23.0,0.6052631578947368,10.0,16.0,0.0,0,0.18181818181818182,0.3891050583657587
348,2,1,0.2608695652173913,0.5217391304347826,0.7647058823529411,38.0,0.2368421052631579,3030.0,0.9250825082508249,37.0,2.0,0.054054054054054064,0.38461538461538464,0.0,16.0,0.5517241379310345,9.0,11.0,0.0,0,0.16129032258064516,0.4
349,0,1,0.4,0.45,0.36,39.0,0.1794871794871795,1723.0,0.83633197910621,36.0,5.0,0.1388888888888889,0.5,0.0,13.0,0.4642857142857143,6.0,10.0,0.0,0,0.3891050583657587,0.4081632653061224
350,0,1,0.2653061224489796,0.42857142857142855,0.07142857142857142,52.0,0.19230769230769232,1826.0,0.8565169769989047,29.0,5.0,0.1724137931034483,0.39130434782608703,0.0,12.0,0.4137931034482759,7.0,10.0,0.0,0,0.1,0.3891050583657587
351,2,1,0.2962962962962963,0.5925925925925926,0.0,40.0,0.2,2115.0,0.857210401891253,31.0,5.0,0.16129032258064516,0.5135135135135135,0.0,22.0,0.6666666666666666,10.0,24.0,0.0,1,0.14285714285714285,0.37453183520599254
352,2,1,0.28846153846153844,0.40384615384615385,0.125,49.0,0.1836734693877551,1885.0,0.8530503978779841,42.0,6.0,0.14285714285714285,0.4545454545454545,1.0,18.0,0.5625,12.0,16.0,0.0,0,0.23255813953488372,0.4166666666666667
353,2,1,0.25,0.5208333333333334,0.5238095238095238,51.0,0.2352941176470588,2162.0,0.8802035152636448,35.0,7.0,0.2,0.43333333333333335,0.0,15.0,0.4838709677419355,9.0,8.0,0.0,0,0.2777777777777778,0.4347826086956522
354,2,1,0.2352941176470588,0.5588235294117647,0.6666666666666666,37.0,0.21621621621621626,1429.0,0.8243526941917425,24.0,6.0,0.25,0.5172413793103449,0.0,22.0,0.5641025641025641,19.0,20.0,0.0,0,0.29850746268656714,0.425531914893617
355,1,1,0.29411764705882354,0.4705882352941176,0.375,44.0,0.25,1972.0,0.8717038539553753,26.0,8.0,0.3076923076923077,0.53125,1.0,26.0,0.6190476190476191,20.0,21.0,0.0,0,0.2531645569620253,0.4132231404958678
363,0,0,0.2564102564102564,0.4615384615384616,0.4705882352941176,43.0,0.18604651162790695,1393.0,0.7896625987078248,43.0,10.0,0.2558139534883721,0.5,0.0,29.0,0.6444444444444445,17.0,18.0,0.0,0,0.12903225806451613,0.31545741324921134
371,1,0,0.18604651162790695,0.3488372093023256,0.6666666666666666,54.0,0.2037037037037037,1736.0,0.8467741935483871,45.0,6.0,0.15555555555555556,0.4230769230769231,0.0,20.0,0.6060606060606061,12.0,11.0,0.0,0,0.125,0.35714285714285715
372,2,0,0.21739130434782608,0.4782608695652174,0.4166666666666667,36.0,0.08333333333333333,1501.0,0.8167888074616922,50.0,8.0,0.16,0.4473684210526316,1.0,15.0,0.4545454545454545,9.0,14.0,0.0,0,0.3846153846153846,0.3412969283276451
373,1,0,0.2857142857142857,0.5476190476190477,0.3043478260869565,39.0,0.15384615384615385,2159.0,0.8670680870773506,38.0,10.0,0.2894736842105263,0.3125,0.0,29.0,0.725,13.0,15.0,0.0,1,0.10256410256410256,0.3472222222222222
374,3,0,0.25,0.5,0.14285714285714285,36.0,0.19444444444444445,1393.0,0.8277099784637473,30.0,4.0,0.13333333333333333,0.40540540540540543,1.0,33.0,0.5689655172413793,20.0,17.0,0.0,1,0.1923076923076923,0.4132231404958678
375,2,0,0.21052631578947367,0.42105263157894735,0.6666666666666666,51.0,0.09803921568627452,1553.0,0.8422408242112042,45.0,6.0,0.13333333333333333,0.4736842105263158,0.0,14.0,0.5185185185185185,11.0,7.0,0.0,0,0.42016806722689076,0.37453183520599254
376,2,0,0.4782608695652174,0.43478260869565216,0.5925925925925926,34.0,0.2058823529411765,1915.0,0.8710182767624021,25.0,4.0,0.16,0.39130434782608703,0.0,13.0,0.4642857142857143,6.0,17.0,0.0,0,0.33557046979865773,0.4166666666666667
377,2,0,0.3235294117647059,0.2647058823529412,0.7,32.0,0.09375,1491.0,0.8383635144198525,34.0,6.0,0.17647058823529413,0.3888888888888889,0.0,27.0,0.5625,9.0,29.0,0.0,1,0.17391304347826086,0.3412969283276451
378,0,0,0.2307692307692308,0.5897435897435898,0.05,44.0,0.20454545454545456,1713.0,0.8453006421482778,45.0,6.0,0.15555555555555556,0.4230769230769231,0.0,20.0,0.6060606060606061,12.0,11.0,0.0,1,0.09090909090909091,0.3389830508474576
379,0,0,0.3548387096774194,0.4838709677419355,0.2727272727272727,47.0,0.1702127659574468,1972.0,0.8884381338742393,47.0,11.0,0.23404255319148934,0.3142857142857143,1.0,27.0,0.6428571428571429,15.0,19.0,0.0,0,0.10526315789473684,0.31545741324921134
380,0,0,0.2,0.4,0.6153846153846154,39.0,0.20512820512820512,2180.0,0.8697247706422019,30.0,5.0,0.16666666666666666,0.5769230769230769,0.0,13.0,0.3939393939393939,5.0,14.0,0.0,0,0.10256410256410256,0.37037037037037035
381,0,0,0.2,0.43333333333333335,0.5294117647058824,30.0,0.26666666666666666,2090.0,0.8918660287081339,28.0,6.0,0.21428571428571427,0.375,0.0,12.0,0.4,4.0,12.0,0.0,0,0.06666666666666667,0.2777777777777778
382,2,0,0.14285714285714285,0.42857142857142855,1.0,42.0,0.11904761904761905,1190.0,0.8319327731092437,31.0,5.0,0.1935483870967742,0.6,0.0,18.0,0.5806451612903226,9.0,7.0,0.0,1,0.4166666666666667,0.37037037037037035
383,0,0,0.3947368421052632,0.42105263157894735,0.7692307692307693,41.0,0.24390243902439024,1932.0,0.8711180124223602,47.0,8.0,0.1702127659574468,0.4482758620689655,0.0,30.0,0.7317073170731707,12.0,18.0,0.0,0,0.17391304347826086,0.3846153846153846
384,1,0,0.3877551020408163,0.42857142857142855,0.65,49.0,0.3877551020408163,2112.0,0.8754734848484849,33.0,2.0,0.060606060606060615,0.5769230769230769,0.0,11.0,0.44,5.0,7.0,0.0,0,0.23255813953488372,0.4098360655737705
385,1,0,0.2765957446808511,0.2765957446808511,0.26666666666666666,34.0,0.2647058823529412,2300.0,0.8956521739130435,44.0,9.0,0.20454545454545456,0.3333333333333333,1.0,39.0,0.6,14.0,25.0,0.0,0,0.0625,0.30303030303030304
386,0,0,0.19444444444444445,0.5277777777777778,0.4166666666666667,44.0,0.11363636363636365,1541.0,0.836469824789098,43.0,10.0,0.2558139534883721,0.5,0.0,29.0,0.6444444444444445,17.0,18.0,0.0,0,0.2469135802469136,0.3436426116838488
387,1,0,0.30303030303030304,0.3939393939393939,0.5454545454545454,54.0,0.2777777777777778,1740.0,0.8517241379310345,39.0,5.0,0.1282051282051282,0.3333333333333333,1.0,19.0,0.6129032258064516,11.0,12.0,0.0,0,0.18181818181818182,0.3436426116838488
388,0,0,0.2727272727272727,0.3636363636363637,0.75,38.0,0.3157894736842105,1634.0,0.8482252141982864,28.0,8.0,0.2857142857142857,0.5,0.0,8.0,0.5,7.0,12.0,0.0,0,0.3921568627450981,0.3246753246753247
389,2,0,0.3636363636363637,0.3333333333333333,0.6666666666666666,45.0,0.2,1773.0,0.8522278623801467,24.0,5.0,0.20833333333333331,0.5714285714285714,0.0,22.0,0.6285714285714286,9.0,13.0,0.0,0,0.40322580645161293,0.36363636363636365
390,1,0,0.3392857142857143,0.42857142857142855,0.55,60.0,0.26666666666666666,2458.0,0.9109031733116356,47.0,8.0,0.1914893617021277,0.625,0.0,14.0,0.5384615384615384,7.0,8.0,0.0,0,0.2777777777777778,0.42016806722689076
391,1,0,0.21428571428571427,0.4047619047619048,0.8333333333333334,37.0,0.21621621621621626,1585.0,0.8637223974763407,38.0,5.0,0.13157894736842105,0.4814814814814815,0.0,48.0,0.676056338028169,28.0,28.0,0.0,0,0.125,0.37037037037037035
392,0,0,0.2272727272727273,0.4090909090909091,0.42857142857142855,48.0,0.16666666666666666,2134.0,0.8683223992502344,39.0,7.0,0.1794871794871795,0.4107142857142857,1.0,17.0,0.6296296296296297,10.0,11.0,0.0,0,0.16666666666666666,0.38167938931297707
393,3,0,0.26666666666666666,0.26666666666666666,0.5,42.0,0.14285714285714285,1136.0,0.7702464788732394,35.0,6.0,0.17142857142857146,0.4418604651162791,1.0,17.0,0.4857142857142857,8.0,10.0,0.0,0,0.46511627906976744,0.3436426116838488
394,3,0,0.25,0.2857142857142857,0.3333333333333333,61.0,0.09836065573770493,1641.0,0.8543570993296771,51.0,8.0,0.1568627450980392,0.4666666666666667,0.0,21.0,0.5675675675675675,12.0,18.0,0.0,0,0.26666666666666666,0.3846153846153846
395,0,0,0.3,0.45,0.08333333333333333,46.0,0.13043478260869565,1522.0,0.8226018396846255,43.0,7.0,0.18604651162790695,0.40384615384615385,1.0,16.0,0.5161290322580645,6.0,10.0,0.0,0,0.18761726078799248,0.3597122302158273
396,3,0,0.4358974358974359,0.3333333333333333,0.42857142857142855,51.0,0.2549019607843137,1715.0,0.8349854227405248,32.0,3.0,0.09375,0.48,0.0,12.0,0.5454545454545454,4.0,4.0,0.0,1,0.33557046979865773,0.4166666666666667
397,0,0,0.40625,0.375,0.25,58.0,0.13793103448275862,1399.0,0.7898498927805575,37.0,5.0,0.13513513513513514,0.6363636363636364,0.0,27.0,0.6585365853658537,13.0,25.0,0.0,0,0.11764705882352941,0.3436426116838488
398,1,0,0.25,0.3333333333333333,0.4545454545454545,56.0,0.21428571428571427,1744.0,0.8681192660550459,23.0,4.0,0.17391304347826084,0.5,0.0,29.0,0.5576923076923077,13.0,17.0,0.0,1,0.3125,0.40322580645161293
399,1,0,0.18604651162790695,0.4418604651162791,0.7647058823529411,22.0,0.13636363636363635,2200.0,0.9040909090909092,42.0,8.0,0.21428571428571427,0.4375,0.0,32.0,0.6530612244897959,15.0,16.0,0.0,0,0.0975609756097561,0.39525691699604737
400,3,0,0.17307692307692307,0.4615384615384616,0.4375,38.0,0.2894736842105263,2487.0,0.9039002814636108,39.0,8.0,0.2564102564102564,0.3611111111111111,1.0,26.0,0.4482758620689655,8.0,14.0,0.0,0,0.0975609756097561,0.3663003663003663
401,1,0,0.17857142857142858,0.42857142857142855,0.5714285714285714,49.0,0.12244897959183673,1344.0,0.8601190476190477,34.0,1.0,0.029411764705882356,0.5454545454545454,0.0,22.0,0.7096774193548387,12.0,15.0,0.0,1,0.31545741324921134,0.3891050583657587
402,1,0,0.2258064516129032,0.2903225806451613,0.6153846153846154,58.0,0.1206896551724138,1495.0,0.8474916387959867,37.0,4.0,0.10810810810810813,0.4137931034482759,0.0,14.0,0.6666666666666666,7.0,7.0,0.0,0,0.425531914893617,0.33557046979865773
403,1,0,0.18181818181818185,0.18181818181818185,0.25,73.0,0.1780821917808219,1722.0,0.8263646922183507,49.0,5.0,0.1020408163265306,0.4615384615384616,0.0,20.0,0.5128205128205128,12.0,13.0,0.0,0,0.25641025641025644,0.37037037037037035
